,Result,Result_On,Var_Id
169,1495.8,2023-05-20 14:49:00,340
1123,1482.7,2023-06-20 06:26:00,340
425,1768.9,2023-05-31 14:37:00,340
1124,1461.2,2023-06-20 06:31:00,340
194,1593.7,2023-05-21 04:25:00,340
1291,1390.2,2023-06-22 22:05:00,340
1589,1459.2,2023-07-05 04:52:00,340
1381,1537.3,2023-06-24 10:52:00,340
1245,1285.3,2023-06-22 04:05:00,340
1403,1554.2,2023-06-24 14:05:00,340
1163,1445.2,2023-06-20 17:05:00,340
1994,1747.2,2023-07-11 10:36:00,340
1519,1264.8,2023-07-03 16:13:00,340
1045,1432.6,2023-06-18 22:10:00,340
370,1565.3,2023-05-24 10:38:00,340
1902,1498.8,2023-07-10 03:53:00,340
1344,1341.8,2023-06-23 21:05:00,340
126,1266.5,2023-05-20 03:38:00,340
108,1647.6,2023-05-19 17:11:00,340
804,1476.0,2023-06-15 06:10:00,340
1228,1598.6,2023-06-21 18:09:00,340
205,1700.9,2023-05-21 07:38:00,340
1788,1661.8,2023-07-08 11:02:00,340
708,1599.2,2023-06-11 14:26:00,340
1987,1649.9,2023-07-11 07:39:00,340
367,1542.8,2023-05-24 09:03:00,340
2087,1568.2,2023-07-12 22:23:00,340
486,1750.2,2023-06-08 17:04:00,340
1508,1082.9,2023-07-03 12:15:00,340
415,1752.1,2023-05-29 13:35:00,340
936,1513.9,2023-06-17 07:49:00,340
2007,1685.8,2023-07-11 15:07:00,340
1559,1611.4,2023-07-04 14:23:00,340
403,1582.1,2023-05-28 07:37:00,340
1220,1497.9,2023-06-21 16:05:00,340
579,1177.0,2023-06-10 03:11:00,340
1860,1748.1,2023-07-09 10:32:00,340
902,1576.7,2023-06-16 14:13:00,340
726,1658.9,2023-06-11 21:12:00,340
877,1424.1,2023-06-16 03:48:00,340
931,1182.0,2023-06-17 06:25:00,340
1197,1387.6,2023-06-21 06:33:00,340
2150,1506.4,2023-07-14 00:37:00,340
1611,1607.5,2023-07-05 15:04:00,340
1807,1561.6,2023-07-08 17:04:00,340
2223,373.1,2023-06-12 14:19:00,340
2178,1685.5,2023-07-14 11:48:00,340
111,1612.3,2023-05-19 18:38:00,340
2175,1635.8,2023-07-14 10:57:00,340
65,1626.7,2023-05-18 18:47:00,340
1036,1504.1,2023-06-18 18:35:00,340
1826,1185.6,2023-07-09 01:40:00,340
1916,1723.8,2023-07-10 09:01:00,340
660,1516.2,2023-06-10 20:28:00,340
1130,1504.5,2023-06-20 08:51:00,340
1210,1562.6,2023-06-21 10:50:00,340
120,1549.6,2023-05-19 23:48:00,340
1697,1423.6,2023-07-07 03:23:00,340
573,1171.1,2023-06-09 22:08:00,340
468,1732.9,2023-06-01 11:37:00,340
1683,1474.8,2023-07-06 17:53:00,340
428,1725.3,2023-05-31 16:09:00,340
1437,1188.2,2023-06-25 03:21:00,340
692,1706.3,2023-06-11 07:31:00,340
885,1510.2,2023-06-16 06:59:00,340
1579,1125.0,2023-07-04 23:04:00,340
1546,1627.5,2023-07-04 11:12:00,340
1984,1599.9,2023-07-11 06:57:00,340
2050,1645.0,2023-07-12 08:37:00,340
1965,1566.0,2023-07-10 23:04:00,340
849,1666.1,2023-06-15 14:20:00,340
1904,1551.5,2023-07-10 05:03:00,340
292,1461.0,2023-05-22 21:38:00,340
1297,1326.9,2023-06-23 01:16:00,340
2085,1605.7,2023-07-12 20:37:00,340
1663,1688.3,2023-07-06 11:35:00,340
1782,1648.6,2023-07-08 10:04:00,340
2186,1645.4,2023-07-14 14:50:00,340
1577,1131.8,2023-07-04 21:57:00,340
779,1489.6,2023-06-13 00:10:00,340
563,1460.8,2023-06-09 19:15:00,340
1195,1363.9,2023-06-21 06:01:00,340
453,1514.8,2023-06-01 05:03:00,340
948,1556.9,2023-06-17 10:10:00,340
304,1427.8,2023-05-23 02:38:00,340
983,1372.2,2023-06-17 21:10:00,340
1179,1319.5,2023-06-21 00:24:00,340
368,1532.8,2023-05-24 09:38:00,340
638,1829.4,2023-06-10 14:19:00,340
576,1173.7,2023-06-10 01:04:00,340
725,1677.1,2023-06-11 21:10:00,340
1933,1729.1,2023-07-10 14:04:00,340
1773,1609.4,2023-07-08 08:38:00,340
921,1122.6,2023-06-17 00:16:00,340
297,1466.9,2023-05-22 22:49:00,340
421,1754.1,2023-05-31 13:37:00,340
662,1511.8,2023-06-10 22:04:00,340
1263,1505.9,2023-06-22 09:33:00,340
2207,3.35799987792969,2023-05-08 13:32:00,340
1980,1612.5,2023-07-11 06:04:00,340
1972,1530.3,2023-07-11 02:04:00,340
1973,1550.8,2023-07-11 03:04:00,340
1477,1647.2,2023-06-25 11:17:00,340
1359,1318.0,2023-06-24 05:34:00,340
1655,1630.2,2023-07-06 10:04:00,340
1128,1499.7,2023-06-20 08:14:00,340
406,1656.8,2023-05-28 09:21:00,340
959,1643.6,2023-06-17 12:10:00,340
547,1761.2,2023-06-09 15:27:00,340
236,1587.1,2023-05-21 16:19:00,340
1338,1398.4,2023-06-23 17:54:00,340
585,1339.5,2023-06-10 04:40:00,340
1912,1632.0,2023-07-10 06:50:00,340
1296,1358.1,2023-06-23 01:05:00,340
927,1166.3,2023-06-17 04:37:00,340
6,1670.1,2023-05-17 16:48:00,340
808,1523.2,2023-06-15 07:10:00,340
242,1493.3,2023-05-21 18:38:00,340
535,1515.0,2023-06-09 12:06:00,340
598,1627.1,2023-06-10 07:56:00,340
513,1507.0,2023-06-09 03:05:00,340
1754,1412.8,2023-07-07 23:55:00,340
1986,1624.1,2023-07-11 07:25:00,340
56,1626.4,2023-05-18 14:26:00,340
2038,1271.8,2023-07-12 05:39:00,340
1412,1668.0,2023-06-24 16:51:00,340
650,1704.6,2023-06-10 17:07:00,340
1780,1606.5,2023-07-08 09:38:00,340
1724,1647.2,2023-07-07 11:14:00,340
549,1703.0,2023-06-09 15:59:00,340
572,1194.5,2023-06-09 22:03:00,340
1138,1509.0,2023-06-20 10:52:00,340
674,1230.6,2023-06-11 02:27:00,340
241,1513.1,2023-05-21 18:02:00,340
134,1515.5,2023-05-20 05:05:00,340
195,1543.8,2023-05-21 04:30:00,340
693,1728.8,2023-06-11 07:54:00,340
527,1874.6,2023-06-09 08:22:00,340
1970,1553.0,2023-07-11 01:04:00,340
774,1529.6,2023-06-12 21:10:00,340
1109,1394.7,2023-06-19 22:21:00,340
1034,1449.2,2023-06-18 17:39:00,340
1397,1439.0,2023-06-24 12:58:00,340
1796,1686.4,2023-07-08 13:04:00,340
2024,1482.7,2023-07-11 23:37:00,340
1000,1421.9,2023-06-18 06:10:00,340
1841,1582.8,2023-07-09 06:24:00,340
2214,17.8240002441406,2023-05-16 13:38:00,340
1032,1472.9,2023-06-18 16:57:00,340
589,1503.2,2023-06-10 05:27:00,340
2021,1494.5,2023-07-11 21:29:00,340
1539,1641.2,2023-07-04 10:02:00,340
1750,1434.9,2023-07-07 20:11:00,340
432,1680.5,2023-05-31 17:42:00,340
1440,1353.9,2023-06-25 04:17:00,340
1533,1628.6,2023-07-04 08:04:00,340
628,1875.8,2023-06-10 11:54:00,340
1997,1750.1,2023-07-11 11:37:00,340
1670,1700.7,2023-07-06 13:13:00,340
623,1841.4,2023-06-10 11:03:00,340
1172,1347.8,2023-06-20 21:05:00,340
1325,1456.5,2023-06-23 11:13:00,340
1865,1711.1,2023-07-09 12:04:00,340
1450,1538.8,2023-06-25 06:37:00,340
1809,1531.3,2023-07-08 18:04:00,340
587,1429.3,2023-06-10 05:13:00,340
2179,1681.8,2023-07-14 12:37:00,340
17,1605.0,2023-05-17 21:38:00,340
447,1469.7,2023-06-01 00:37:00,340
846,1659.5,2023-06-15 14:01:00,340
1240,1272.8,2023-06-22 01:09:00,340
201,1660.9,2023-05-21 05:59:00,340
1165,1414.2,2023-06-20 17:43:00,340
1942,1610.4,2023-07-10 18:04:00,340
1227,1591.0,2023-06-21 18:05:00,340
1382,1544.6,2023-06-24 11:05:00,340
1027,1560.3,2023-06-18 14:10:00,340
1624,1418.4,2023-07-05 20:04:00,340
2079,1650.9,2023-07-12 17:37:00,340
1249,1258.1,2023-06-22 05:02:00,340
925,1144.4,2023-06-17 04:00:00,340
102,1741.3,2023-05-19 14:38:00,340
1354,1270.7,2023-06-24 02:05:00,340
2082,1613.3,2023-07-12 19:17:00,340
1892,1518.2,2023-07-09 22:07:00,340
615,1774.1,2023-06-10 10:04:00,340
165,1807.4,2023-05-20 13:38:00,340
1940,1608.5,2023-07-10 16:47:00,340
306,1458.6,2023-05-23 04:11:00,340
1848,1621.2,2023-07-09 08:07:00,340
1112,1382.3,2023-06-20 01:05:00,340
778,1491.0,2023-06-12 23:53:00,340
1146,1505.0,2023-06-20 12:26:00,340
258,1457.4,2023-05-22 03:41:00,340
1721,1657.4,2023-07-07 11:04:00,340
2075,1708.0,2023-07-12 15:37:00,340
1641,1479.4,2023-07-06 06:04:00,340
1561,1565.5,2023-07-04 14:42:00,340
2008,1677.1,2023-07-11 15:37:00,340
788,1537.0,2023-06-13 04:24:00,340
669,1484.5,2023-06-11 00:45:00,340
1887,1556.7,2023-07-09 20:25:00,340
107,1667.4,2023-05-19 16:38:00,340
1851,1661.4,2023-07-09 08:44:00,340
270,1607.1,2023-05-22 09:22:00,340
857,1561.4,2023-06-15 17:54:00,340
620,1780.0,2023-06-10 10:35:00,340
1812,1517.8,2023-07-08 20:04:00,340
75,1312.3,2023-05-19 00:27:00,340
592,1748.5,2023-06-10 05:55:00,340
1457,1587.6,2023-06-25 07:56:00,340
1065,1451.2,2023-06-19 06:10:00,340
1399,1524.3,2023-06-24 13:07:00,340
1919,1748.3,2023-07-10 10:11:00,340
644,1721.9,2023-06-10 16:20:00,340
1488,1726.1,2023-06-25 12:32:00,340
2205,1190.6,2023-07-15 01:53:00,340
685,1653.4,2023-06-11 06:11:00,340
880,1481.0,2023-06-16 04:44:00,340
1145,1478.7,2023-06-20 12:16:00,340
757,1813.7,2023-06-12 15:53:00,340
1283,1475.4,2023-06-22 16:19:00,340
555,1550.3,2023-06-09 17:04:00,340
614,1792.4,2023-06-10 09:57:00,340
87,1422.2,2023-05-19 06:51:00,340
76,1306.9,2023-05-19 00:38:00,340
1043,1373.7,2023-06-18 21:18:00,340
40,1757.9,2023-05-18 08:38:00,340
537,1848.5,2023-06-09 12:20:00,340
2099,1585.9,2023-07-13 05:37:00,340
2112,1701.2,2023-07-13 09:07:00,340
2078,1668.5,2023-07-12 16:37:00,340
1086,1653.0,2023-06-19 12:14:00,340
1502,1019.4,2023-07-03 10:05:00,340
200,1654.8,2023-05-21 05:38:00,340
1093,1614.1,2023-06-19 14:25:00,340
1588,1425.5,2023-07-05 04:47:00,340
820,1659.1,2023-06-15 09:49:00,340
1993,1688.1,2023-07-11 10:08:00,340
1276,1500.4,2023-06-22 12:53:00,340
1255,1194.8,2023-06-22 07:08:00,340
1105,1439.4,2023-06-19 20:47:00,340
968,1592.5,2023-06-17 14:49:00,340
619,1803.6,2023-06-10 10:25:00,340
1087,1610.4,2023-06-19 12:23:00,340
1556,1698.0,2023-07-04 13:23:00,340
1006,1404.0,2023-06-18 07:55:00,340
389,1396.3,2023-05-24 22:44:00,340
418,1732.5,2023-05-31 12:25:00,340
1921,1771.1,2023-07-10 11:04:00,340
924,1123.9,2023-06-17 03:10:00,340
47,1823.0,2023-05-18 12:01:00,340
1336,1423.6,2023-06-23 17:05:00,340
736,1503.3,2023-06-12 02:10:00,340
2180,1663.2,2023-07-14 12:39:00,340
1204,1461.9,2023-06-21 09:05:00,340
2081,1628.2,2023-07-12 18:37:00,340
484,1784.1,2023-06-08 16:17:00,340
1599,1566.5,2023-07-05 08:55:00,340
348,1429.1,2023-05-23 21:38:00,340
1071,1515.6,2023-06-19 08:25:00,340
712,1546.2,2023-06-11 15:32:00,340
285,1573.4,2023-05-22 18:38:00,340
181,1619.8,2023-05-20 19:38:00,340
1260,1316.2,2023-06-22 08:55:00,340
898,1637.6,2023-06-16 12:10:00,340
613,1750.4,2023-06-10 09:53:00,340
839,1776.9,2023-06-15 12:51:00,340
1269,1516.2,2023-06-22 11:20:00,340
1102,1467.0,2023-06-19 19:00:00,340
329,1567.7,2023-05-23 13:13:00,340
1511,1183.8,2023-07-03 13:02:00,340
1441,1491.7,2023-06-25 04:22:00,340
480,1752.6,2023-06-04 12:10:00,340
280,1633.1,2023-05-22 15:49:00,340
335,1569.2,2023-05-23 14:46:00,340
1975,1535.5,2023-07-11 04:04:00,340
1097,1570.4,2023-06-19 16:26:00,340
1462,1621.7,2023-06-25 08:34:00,340
444,1515.3,2023-05-31 23:09:00,340
268,1594.7,2023-05-22 09:13:00,340
1621,1459.0,2023-07-05 19:04:00,340
1012,1548.0,2023-06-18 09:10:00,340
1648,1546.7,2023-07-06 08:43:00,340
982,1384.9,2023-06-17 20:10:00,340
1503,1046.0,2023-07-03 10:09:00,340
1639,1444.0,2023-07-06 05:04:00,340
140,1707.8,2023-05-20 06:43:00,340
653,1629.9,2023-06-10 17:53:00,340
161,1450.2,2023-05-20 13:01:00,340
442,1538.0,2023-05-31 21:54:00,340
1603,1580.7,2023-07-05 10:00:00,340
1314,1382.4,2023-06-23 06:19:00,340
2013,1592.1,2023-07-11 17:31:00,340
671,1509.1,2023-06-11 01:31:00,340
2155,1484.8,2023-07-14 03:37:00,340
918,1143.6,2023-06-16 22:29:00,340
558,1500.4,2023-06-09 17:56:00,340
1002,1449.2,2023-06-18 07:10:00,340
1387,1516.7,2023-06-24 11:29:00,340
1964,1573.6,2023-07-10 22:56:00,340
303,1431.3,2023-05-23 01:38:00,340
1417,1605.9,2023-06-24 19:05:00,340
1786,1659.0,2023-07-08 10:44:00,340
1217,1552.8,2023-06-21 14:05:00,340
1650,1581.1,2023-07-06 09:04:00,340
24,1305.4,2023-05-18 01:38:00,340
1713,1584.8,2023-07-07 08:12:00,340
705,1881.3,2023-06-11 13:21:00,340
2228,906.5,2023-07-04 03:04:00,340
559,1498.3,2023-06-09 18:04:00,340
396,1454.7,2023-05-25 04:20:00,340
477,1737.0,2023-06-04 11:03:00,340
2080,1636.5,2023-07-12 18:07:00,340
1905,1584.2,2023-07-10 05:35:00,340
569,1445.4,2023-06-09 21:07:00,340
1208,1576.5,2023-06-21 10:05:00,340
177,1682.6,2023-05-20 17:41:00,340
1886,1532.3,2023-07-09 20:20:00,340
745,1662.4,2023-06-12 05:41:00,340
3,1719.7,2023-05-17 15:34:00,340
1685,1450.6,2023-07-06 18:26:00,340
341,1490.7,2023-05-23 17:38:00,340
607,1757.4,2023-06-10 09:06:00,340
1822,1271.5,2023-07-09 00:34:00,340
1512,1333.4,2023-07-03 13:07:00,340
1183,1250.9,2023-06-21 03:05:00,340
1983,1644.0,2023-07-11 06:43:00,340
1778,1617.2,2023-07-08 09:29:00,340
1544,1635.5,2023-07-04 11:03:00,340
2132,1492.8,2023-07-13 19:37:00,340
1850,1616.3,2023-07-09 08:35:00,340
275,1649.7,2023-05-22 11:38:00,340
1977,1563.4,2023-07-11 05:04:00,340
1143,1484.8,2023-06-20 11:53:00,340
1082,1626.6,2023-06-19 11:13:00,340
733,1535.5,2023-06-12 00:10:00,340
8,1709.9,2023-05-17 18:22:00,340
2066,1712.1,2023-07-12 12:37:00,340
510,1517.7,2023-06-09 02:27:00,340
48,1783.3,2023-05-18 12:06:00,340
2037,1258.2,2023-07-12 05:37:00,340
1672,1650.8,2023-07-06 13:27:00,340
1330,1496.6,2023-06-23 13:05:00,340
1583,1096.4,2023-07-05 02:04:00,340
186,1567.5,2023-05-20 22:45:00,340
1858,1746.6,2023-07-09 10:08:00,340
1894,1492.5,2023-07-09 23:55:00,340
1226,1570.3,2023-06-21 17:59:00,340
301,1392.0,2023-05-23 00:38:00,340
1768,1532.4,2023-07-08 07:04:00,340
785,1481.2,2023-06-13 03:51:00,340
697,1735.8,2023-06-11 08:46:00,340
119,1581.6,2023-05-19 23:38:00,340
353,1443.9,2023-05-24 00:39:00,340
1908,1555.3,2023-07-10 06:04:00,340
979,1412.4,2023-06-17 18:37:00,340
1797,1670.6,2023-07-08 13:18:00,340
749,1740.2,2023-06-12 06:46:00,340
1479,1739.0,2023-06-25 11:26:00,340
553,1603.2,2023-06-09 16:32:00,340
1334,1481.7,2023-06-23 15:05:00,340
1718,1649.1,2023-07-07 09:46:00,340
1644,1483.9,2023-07-06 06:37:00,340
363,1520.0,2023-05-24 06:52:00,340
913,1430.9,2023-06-16 20:10:00,340
1084,1630.0,2023-06-19 11:46:00,340
1735,1651.6,2023-07-07 13:39:00,340
1222,1467.7,2023-06-21 17:05:00,340
816,1624.6,2023-06-15 09:02:00,340
1926,1749.8,2023-07-10 12:04:00,340
223,1871.5,2023-05-21 11:53:00,340
439,1581.1,2023-05-31 20:37:00,340
586,1381.0,2023-06-10 05:03:00,340
229,1553.4,2023-05-21 14:13:00,340
1373,1469.6,2023-06-24 09:23:00,340
1456,1611.7,2023-06-25 07:52:00,340
1837,1565.1,2023-07-09 05:42:00,340
1367,1415.1,2023-06-24 07:59:00,340
1863,1740.8,2023-07-09 11:51:00,340
414,1725.0,2023-05-29 13:11:00,340
854,1625.6,2023-06-15 16:10:00,340
790,1558.1,2023-06-13 05:25:00,340
1680,1524.6,2023-07-06 16:53:00,340
894,1619.6,2023-06-16 11:10:00,340
1446,1499.7,2023-06-25 05:27:00,340
2174,1614.2,2023-07-14 10:33:00,340
1777,1655.1,2023-07-08 09:24:00,340
1737,1627.1,2023-07-07 14:40:00,340
1176,1318.9,2023-06-21 00:10:00,340
464,1692.1,2023-06-01 09:39:00,340
2031,1243.9,2023-07-12 03:33:00,340
582,1251.3,2023-06-10 04:04:00,340
1004,1460.2,2023-06-18 07:27:00,340
1785,1637.7,2023-07-08 10:39:00,340
1628,1384.9,2023-07-05 23:04:00,340
1335,1441.6,2023-06-23 16:02:00,340
206,1737.2,2023-05-21 07:51:00,340
1196,1354.6,2023-06-21 06:05:00,340
1044,1449.7,2023-06-18 21:51:00,340
1945,1591.9,2023-07-10 18:53:00,340
1301,1375.5,2023-06-23 03:31:00,340
485,1762.3,2023-06-08 16:49:00,340
1517,1296.5,2023-07-03 15:04:00,340
1310,1339.5,2023-06-23 05:09:00,340
1849,1588.8,2023-07-09 08:26:00,340
2231,1909.9,2023-06-11 12:39:00,340
1900,1453.3,2023-07-10 02:04:00,340
2012,1616.1,2023-07-11 16:59:00,340
495,1594.4,2023-06-08 19:28:00,340
969,1578.8,2023-06-17 15:10:00,340
672,1511.3,2023-06-11 02:04:00,340
1355,1265.5,2023-06-24 03:05:00,340
1995,1709.4,2023-07-11 10:45:00,340
891,1572.4,2023-06-16 09:10:00,340
881,1466.6,2023-06-16 05:10:00,340
851,1661.6,2023-06-15 14:43:00,340
231,1681.6,2023-05-21 14:38:00,340
1649,1568.0,2023-07-06 08:52:00,340
1406,1502.1,2023-06-24 15:08:00,340
1907,1564.5,2023-07-10 05:54:00,340
137,1702.8,2023-05-20 05:43:00,340
1914,1691.7,2023-07-10 07:41:00,340
1483,1728.6,2023-06-25 11:50:00,340
325,1578.8,2023-05-23 11:38:00,340
1895,1490.8,2023-07-10 00:04:00,340
351,1396.1,2023-05-23 23:38:00,340
1910,1619.6,2023-07-10 06:31:00,340
1536,1657.4,2023-07-04 09:29:00,340
1135,1522.2,2023-06-20 10:10:00,340
630,1875.1,2023-06-10 12:08:00,340
1657,1618.5,2023-07-06 10:11:00,340
1464,1630.9,2023-06-25 09:05:00,340
192,1558.8,2023-05-21 03:38:00,340
636,1834.3,2023-06-10 14:00:00,340
713,1580.5,2023-06-11 15:41:00,340
829,1637.4,2023-06-15 10:59:00,340
1885,1560.3,2023-07-09 20:04:00,340
1873,1715.7,2023-07-09 14:04:00,340
1808,1548.0,2023-07-08 17:11:00,340
1542,1668.3,2023-07-04 10:35:00,340
1432,1183.2,2023-06-25 01:10:00,340
976,1471.9,2023-06-17 17:32:00,340
1286,1431.9,2023-06-22 18:05:00,340
2098,1577.8,2023-07-13 04:37:00,340
1037,1448.4,2023-06-18 18:39:00,340
1832,1565.5,2023-07-09 05:04:00,340
1274,1531.6,2023-06-22 12:11:00,340
1447,1528.5,2023-06-25 05:46:00,340
1201,1426.9,2023-06-21 07:20:00,340
906,1534.1,2023-06-16 17:06:00,340
67,1585.3,2023-05-18 19:38:00,340
761,1699.1,2023-06-12 16:44:00,340
1714,1613.9,2023-07-07 08:36:00,340
995,1419.8,2023-06-18 04:25:00,340
2065,1717.6,2023-07-12 12:03:00,340
2215,12.4180004882813,2023-05-05 10:42:00,340
331,1593.8,2023-05-23 13:50:00,340
190,1545.2,2023-05-21 02:01:00,340
309,1452.2,2023-05-23 04:49:00,340
1114,1371.3,2023-06-20 02:14:00,340
634,1877.9,2023-06-10 13:13:00,340
1867,1713.0,2023-07-09 12:33:00,340
2230,1906.0,2023-06-11 16:04:00,340
2169,1617.3,2023-07-14 09:28:00,340
952,1613.4,2023-06-17 11:19:00,340
2170,1656.0,2023-07-14 09:37:00,340
1884,1565.5,2023-07-09 19:52:00,340
852,1618.3,2023-06-15 14:52:00,340
957,1544.7,2023-06-17 12:01:00,340
1654,1620.0,2023-07-06 09:53:00,340
125,1251.8,2023-05-20 02:38:00,340
400,1540.5,2023-05-28 06:40:00,340
1118,1394.3,2023-06-20 04:34:00,340
986,1358.3,2023-06-17 23:10:00,340
1794,1710.7,2023-07-08 12:04:00,340
220,1869.5,2023-05-21 11:21:00,340
955,1612.9,2023-06-17 11:37:00,340
321,1576.1,2023-05-23 10:20:00,340
149,1750.7,2023-05-20 09:31:00,340
1702,1495.2,2023-07-07 05:24:00,340
895,1636.4,2023-06-16 11:25:00,340
1928,1748.9,2023-07-10 12:40:00,340
1496,1011.1,2023-07-03 07:40:00,340
1281,1504.1,2023-06-22 15:05:00,340
508,1466.2,2023-06-09 00:27:00,340
560,1475.6,2023-06-09 18:33:00,340
1520,1255.1,2023-07-03 17:04:00,340
375,1540.8,2023-05-24 15:30:00,340
2167,1625.7,2023-07-14 08:37:00,340
37,1725.9,2023-05-18 07:16:00,340
282,1601.3,2023-05-22 17:13:00,340
2055,1663.2,2023-07-12 10:37:00,340
366,1521.1,2023-05-24 08:38:00,340
627,1844.3,2023-06-10 11:40:00,340
1427,1477.1,2023-06-25 00:05:00,340
1783,1618.1,2023-07-08 10:06:00,340
1396,1499.7,2023-06-24 12:53:00,340
50,1767.8,2023-05-18 12:38:00,340
900,1612.5,2023-06-16 13:10:00,340
1426,1494.7,2023-06-24 23:05:00,340
1144,1507.0,2023-06-20 12:02:00,340
2006,1707.9,2023-07-11 14:34:00,340
1231,1571.0,2023-06-21 20:05:00,340
866,1466.0,2023-06-15 21:10:00,340
372,1571.4,2023-05-24 12:38:00,340
525,1817.0,2023-06-09 08:03:00,340
1333,1472.1,2023-06-23 14:48:00,340
2202,1214.0,2023-07-14 23:37:00,340
2052,1659.3,2023-07-12 09:37:00,340
2123,1659.5,2023-07-13 14:34:00,340
264,1527.0,2023-05-22 06:38:00,340
227,1873.0,2023-05-21 12:38:00,340
299,1402.4,2023-05-22 23:38:00,340
700,1821.9,2023-06-11 09:10:00,340
859,1535.2,2023-06-15 18:22:00,340
1273,1503.8,2023-06-22 12:02:00,340
398,1480.0,2023-05-25 05:16:00,340
1077,1547.6,2023-06-19 10:05:00,340
1266,1512.8,2023-06-22 10:33:00,340
202,1691.5,2023-05-21 06:31:00,340
347,1434.6,2023-05-23 20:38:00,340
840,1748.8,2023-06-15 12:56:00,340
557,1522.4,2023-06-09 17:28:00,340
730,1581.5,2023-06-11 22:46:00,340
60,1605.8,2023-05-18 15:54:00,340
1318,1454.6,2023-06-23 08:02:00,340
1205,1433.2,2023-06-21 09:07:00,340
1989,1677.2,2023-07-11 08:44:00,340
382,1466.2,2023-05-24 18:55:00,340
812,1543.0,2023-06-15 08:06:00,340
1976,1557.8,2023-07-11 04:55:00,340
267,1573.3,2023-05-22 08:38:00,340
768,1615.0,2023-06-12 19:04:00,340
1468,1721.2,2023-06-25 09:39:00,340
1239,1506.2,2023-06-22 01:05:00,340
702,1879.2,2023-06-11 09:32:00,340
98,1761.7,2023-05-19 11:45:00,340
2127,1608.4,2023-07-13 16:37:00,340
260,1488.5,2023-05-22 04:38:00,340
1348,1374.0,2023-06-23 23:05:00,340
158,1531.5,2023-05-20 12:05:00,340
1647,1513.7,2023-07-06 08:29:00,340
801,1188.5,2023-06-15 05:10:00,340
1625,1401.5,2023-07-05 20:53:00,340
1617,1518.5,2023-07-05 17:23:00,340
703,1321.7,2023-06-11 10:38:00,340
1415,1639.6,2023-06-24 18:20:00,340
1304,1374.4,2023-06-23 04:13:00,340
767,1643.1,2023-06-12 18:27:00,340
82,1317.3,2023-05-19 05:38:00,340
1605,1624.6,2023-07-05 11:01:00,340
2067,1741.6,2023-07-12 12:40:00,340
1958,1679.2,2023-07-10 21:51:00,340
993,1388.4,2023-06-18 04:10:00,340
104,1701.5,2023-05-19 15:38:00,340
2018,1544.0,2023-07-11 19:37:00,340
1931,1752.4,2023-07-10 13:41:00,340
821,1628.8,2023-06-15 09:54:00,340
2110,1654.5,2023-07-13 08:37:00,340
1626,1400.0,2023-07-05 21:04:00,340
2011,1630.0,2023-07-11 16:37:00,340
766,1668.2,2023-06-12 18:10:00,340
825,1644.2,2023-06-15 10:26:00,340
1862,1721.6,2023-07-09 11:04:00,340
1212,1561.7,2023-06-21 12:05:00,340
994,1398.3,2023-06-18 04:11:00,340
1494,1697.3,2023-06-25 13:51:00,340
724,1687.7,2023-06-11 20:49:00,340
330,1579.7,2023-05-23 13:38:00,340
828,1678.9,2023-06-15 10:54:00,340
1476,1700.7,2023-06-25 11:12:00,340
1827,1165.9,2023-07-09 02:04:00,340
133,1491.6,2023-05-20 04:56:00,340
1745,1497.2,2023-07-07 18:04:00,340
2049,1612.5,2023-07-12 08:23:00,340
2058,1689.3,2023-07-12 10:53:00,340
470,1672.4,2023-06-04 08:35:00,340
1244,1274.0,2023-06-22 03:43:00,340
872,1419.4,2023-06-15 23:10:00,340
91,1531.7,2023-05-19 08:19:00,340
435,1634.5,2023-05-31 19:01:00,340
654,1617.0,2023-06-10 18:04:00,340
1500,1055.2,2023-07-03 09:46:00,340
1307,1339.5,2023-06-23 04:50:00,340
1682,1499.1,2023-07-06 17:16:00,340
11,1647.2,2023-05-17 19:32:00,340
210,1821.4,2023-05-21 09:10:00,340
53,1705.9,2023-05-18 13:53:00,340
2161,1567.0,2023-07-14 06:21:00,340
386,1419.7,2023-05-24 20:47:00,340
1586,1132.1,2023-07-05 04:10:00,340
2226,342.6,2023-06-13 16:10:00,340
1378,1513.1,2023-06-24 10:28:00,340
2183,1641.8,2023-07-14 13:35:00,340
661,1513.8,2023-06-10 21:04:00,340
577,1152.8,2023-06-10 02:04:00,340
1219,1513.7,2023-06-21 15:05:00,340
1053,1320.2,2023-06-19 02:12:00,340
167,1465.7,2023-05-20 14:21:00,340
870,1393.2,2023-06-15 22:54:00,340
596,1584.6,2023-06-10 07:04:00,340
1558,1633.9,2023-07-04 14:05:00,340
1011,1535.3,2023-06-18 08:56:00,340
612,1812.5,2023-06-10 09:48:00,340
680,1328.2,2023-06-11 05:25:00,340
2141,1555.3,2023-07-13 21:37:00,340
1828,1162.7,2023-07-09 02:08:00,340
2159,1539.8,2023-07-14 05:37:00,340
1843,1568.6,2023-07-09 07:02:00,340
1772,1630.6,2023-07-08 08:33:00,340
678,1281.7,2023-06-11 04:24:00,340
1668,1675.1,2023-07-06 12:36:00,340
1818,1214.8,2023-07-08 23:04:00,340
760,1726.6,2023-06-12 16:25:00,340
920,1125.2,2023-06-17 00:10:00,340
248,1441.9,2023-05-21 21:38:00,340
679,1297.0,2023-06-11 05:04:00,340
59,1633.3,2023-05-18 15:36:00,340
791,1579.2,2023-06-13 05:43:00,340
1159,1506.3,2023-06-20 15:14:00,340
281,1623.1,2023-05-22 16:38:00,340
943,1552.7,2023-06-17 09:10:00,340
1247,1253.6,2023-06-22 04:48:00,340
1633,1363.3,2023-07-06 02:53:00,340
1364,1392.7,2023-06-24 07:26:00,340
441,1547.7,2023-05-31 21:37:00,340
1463,1647.1,2023-06-25 08:38:00,340
1554,1660.6,2023-07-04 12:41:00,340
1636,1385.9,2023-07-06 04:04:00,340
2100,1608.2,2023-07-13 06:24:00,340
1117,1164.3,2023-06-20 04:02:00,340
302,1434.5,2023-05-23 01:14:00,340
1854,1679.5,2023-07-09 09:40:00,340
2106,1627.5,2023-07-13 07:37:00,340
2221,263.2,2023-07-15 04:37:00,340
259,1483.1,2023-05-22 03:51:00,340
2028,1208.8,2023-07-12 01:27:00,340
1856,1742.5,2023-07-09 09:59:00,340
1089,1610.0,2023-06-19 12:37:00,340
1998,1777.9,2023-07-11 11:51:00,340
1771,1596.6,2023-07-08 08:24:00,340
861,1504.3,2023-06-15 19:10:00,340
49,1805.3,2023-05-18 12:24:00,340
546,1783.8,2023-06-09 15:13:00,340
1070,1487.9,2023-06-19 08:16:00,340
534,1505.2,2023-06-09 12:04:00,340
1167,1389.9,2023-06-20 18:44:00,340
1028,1539.8,2023-06-18 15:10:00,340
935,1491.0,2023-06-17 07:21:00,340
1506,1064.8,2023-07-03 11:04:00,340
424,1775.3,2023-05-31 14:12:00,340
416,1730.2,2023-05-29 13:49:00,340
1992,1719.9,2023-07-11 10:04:00,340
0,1761.0,2023-05-17 12:39:00,340
793,1608.7,2023-06-13 06:11:00,340
1760,1428.2,2023-07-08 04:04:00,340
385,1431.0,2023-05-24 20:38:00,340
1407,1480.5,2023-06-24 15:22:00,340
2209,9.38599975585938,2023-05-02 18:42:00,340
176,1691.0,2023-05-20 17:38:00,340
1475,1712.4,2023-06-25 11:05:00,340
512,1498.1,2023-06-09 03:04:00,340
536,1819.3,2023-06-09 12:15:00,340
1090,1643.8,2023-06-19 12:51:00,340
1988,1655.5,2023-07-11 08:04:00,340
361,1496.2,2023-05-24 06:24:00,340
1739,1586.4,2023-07-07 15:50:00,340
115,1593.0,2023-05-19 21:28:00,340
2071,1715.3,2023-07-12 13:37:00,340
336,1552.8,2023-05-23 15:38:00,340
2020,1516.4,2023-07-11 20:43:00,340
434,1644.9,2023-05-31 18:37:00,340
763,1452.1,2023-06-12 17:21:00,340
30,1391.0,2023-05-18 04:28:00,340
683,1628.3,2023-06-11 06:04:00,340
1125,1464.4,2023-06-20 07:05:00,340
1379,1455.6,2023-06-24 10:33:00,340
407,1660.2,2023-05-28 09:37:00,340
1991,1713.3,2023-07-11 09:07:00,340
1784,1671.0,2023-07-08 10:16:00,340
1005,1489.6,2023-06-18 07:46:00,340
2153,1473.9,2023-07-14 02:23:00,340
293,1432.2,2023-05-22 22:03:00,340
305,1437.8,2023-05-23 03:38:00,340
1570,1439.2,2023-07-04 18:04:00,340
146,1799.1,2023-05-20 09:08:00,340
1215,1550.4,2023-06-21 13:05:00,340
701,1850.9,2023-06-11 09:14:00,340
1442,1466.6,2023-06-25 04:45:00,340
1068,1460.0,2023-06-19 07:48:00,340
1924,1779.1,2023-07-10 11:25:00,340
478,1761.6,2023-06-04 11:04:00,340
1889,1510.9,2023-07-09 21:04:00,340
1039,1424.8,2023-06-18 19:12:00,340
1602,1555.5,2023-07-05 09:46:00,340
625,1838.6,2023-06-10 11:26:00,340
642,1754.1,2023-06-10 15:38:00,340
39,1752.7,2023-05-18 08:12:00,340
1236,1545.0,2023-06-22 00:05:00,340
456,1570.1,2023-06-01 06:37:00,340
1943,1634.9,2023-07-10 18:30:00,340
1209,1584.2,2023-06-21 10:27:00,340
80,1290.7,2023-05-19 03:38:00,340
73,1289.0,2023-05-18 23:22:00,340
101,1738.6,2023-05-19 13:41:00,340
556,1547.0,2023-06-09 17:09:00,340
1531,1617.3,2023-07-04 07:19:00,340
228,1590.9,2023-05-21 13:03:00,340
1540,1664.5,2023-07-04 10:07:00,340
2152,1479.6,2023-07-14 01:37:00,340
737,1515.0,2023-06-12 03:10:00,340
1237,1516.9,2023-06-22 00:17:00,340
541,1757.7,2023-06-09 13:53:00,340
1847,1597.0,2023-07-09 08:04:00,340
507,1419.4,2023-06-09 00:04:00,340
1698,1443.6,2023-07-07 04:04:00,340
1518,1274.5,2023-07-03 16:04:00,340
1859,1707.6,2023-07-09 10:22:00,340
1853,1710.5,2023-07-09 09:17:00,340
233,1634.0,2023-05-21 15:19:00,340
1734,1621.4,2023-07-07 13:30:00,340
1298,1331.9,2023-06-23 02:05:00,340
2042,1393.1,2023-07-12 06:17:00,340
1661,1590.9,2023-07-06 11:12:00,340
858,1553.4,2023-06-15 18:10:00,340
802,1457.5,2023-06-15 05:28:00,340
813,1582.7,2023-06-15 08:11:00,340
462,1666.2,2023-06-01 09:25:00,340
1662,1651.1,2023-07-06 11:17:00,340
888,1564.6,2023-06-16 08:05:00,340
1881,1568.3,2023-07-09 18:23:00,340
1497,1018.8,2023-07-03 08:04:00,340
1073,1517.1,2023-06-19 08:58:00,340
283,1587.3,2023-05-22 17:38:00,340
446,1467.7,2023-06-01 00:28:00,340
2027,1232.2,2023-07-12 01:23:00,340
1461,1644.5,2023-06-25 08:29:00,340
1708,1555.9,2023-07-07 06:44:00,340
1592,1486.4,2023-07-05 06:30:00,340
64,1605.2,2023-05-18 18:38:00,340
58,1601.8,2023-05-18 14:58:00,340
1761,1436.2,2023-07-08 04:07:00,340
255,1405.6,2023-05-22 02:38:00,340
1357,1295.1,2023-06-24 04:24:00,340
941,1496.8,2023-06-17 08:49:00,340
772,1571.6,2023-06-12 20:09:00,340
1115,1133.2,2023-06-20 02:52:00,340
970,1566.7,2023-06-17 15:21:00,340
1985,1614.8,2023-07-11 07:04:00,340
987,1360.2,2023-06-18 00:10:00,340
643,1736.6,2023-06-10 16:04:00,340
834,1672.0,2023-06-15 12:10:00,340
1731,1628.9,2023-07-07 12:01:00,340
2062,1673.0,2023-07-12 11:35:00,340
1252,1173.3,2023-06-22 05:39:00,340
631,1850.0,2023-06-10 12:27:00,340
1990,1697.8,2023-07-11 09:04:00,340
34,1668.4,2023-05-18 05:57:00,340
893,1620.4,2023-06-16 10:10:00,340
1541,1696.3,2023-07-04 10:16:00,340
2194,1508.3,2023-07-14 18:37:00,340
675,1236.1,2023-06-11 03:04:00,340
1429,1443.9,2023-06-25 00:56:00,340
655,1606.6,2023-06-10 18:13:00,340
19,1341.9,2023-05-17 21:52:00,340
622,1815.7,2023-06-10 10:58:00,340
369,1564.4,2023-05-24 10:27:00,340
250,1429.8,2023-05-21 23:38:00,340
2048,1588.4,2023-07-12 08:09:00,340
1524,1079.0,2023-07-03 18:47:00,340
163,1774.8,2023-05-20 13:25:00,340
729,1604.0,2023-06-11 22:13:00,340
845,1700.7,2023-06-15 13:24:00,340
1537,1634.8,2023-07-04 09:43:00,340
919,1141.1,2023-06-16 23:10:00,340
208,1765.1,2023-05-21 08:38:00,340
288,1531.9,2023-05-22 19:43:00,340
1243,1253.0,2023-06-22 03:05:00,340
992,1373.5,2023-06-18 03:39:00,340
748,1709.1,2023-06-12 06:28:00,340
1732,1654.7,2023-07-07 12:34:00,340
408,1677.8,2023-05-28 09:44:00,340
1343,1331.5,2023-06-23 20:38:00,340
22,1319.8,2023-05-18 00:16:00,340
204,1713.2,2023-05-21 07:04:00,340
188,1551.1,2023-05-21 00:38:00,340
1060,1380.8,2023-06-19 05:10:00,340
340,1494.2,2023-05-23 17:11:00,340
641,1777.7,2023-06-10 15:10:00,340
1956,1631.2,2023-07-10 21:41:00,340
1883,1542.1,2023-07-09 19:47:00,340
1489,1730.3,2023-06-25 13:05:00,340
1606,1647.6,2023-07-05 11:38:00,340
807,1499.9,2023-06-15 07:01:00,340
1601,1587.7,2023-07-05 09:32:00,340
531,1548.8,2023-06-09 10:05:00,340
1009,1519.2,2023-06-18 08:19:00,340
81,1304.8,2023-05-19 04:35:00,340
707,1779.8,2023-06-11 13:49:00,340
911,1451.1,2023-06-16 19:10:00,340
51,1746.0,2023-05-18 13:06:00,340
771,1654.7,2023-06-12 20:05:00,340
1020,1570.9,2023-06-18 12:31:00,340
719,1776.4,2023-06-11 18:10:00,340
2051,1667.1,2023-07-12 09:05:00,340
390,1385.7,2023-05-24 23:38:00,340
1510,1076.6,2023-07-03 12:43:00,340
2022,1493.5,2023-07-11 21:37:00,340
2172,1590.8,2023-07-14 10:24:00,340
1394,1409.8,2023-06-24 12:44:00,340
561,1478.5,2023-06-09 19:04:00,340
94,1715.7,2023-05-19 09:38:00,340
2135,1432.0,2023-07-13 20:29:00,340
1726,1617.2,2023-07-07 11:24:00,340
1391,1468.7,2023-06-24 12:11:00,340
664,1541.2,2023-06-10 23:11:00,340
1833,1572.6,2023-07-09 05:10:00,340
2224,331.2,2023-07-04 06:04:00,340
1103,1472.7,2023-06-19 19:05:00,340
608,1717.1,2023-06-10 09:11:00,340
1877,1642.5,2023-07-09 16:31:00,340
2073,1718.6,2023-07-12 14:23:00,340
2128,1588.4,2023-07-13 17:08:00,340
1282,1486.8,2023-06-22 16:05:00,340
1600,1563.0,2023-07-05 09:04:00,340
1177,1399.9,2023-06-21 00:15:00,340
1781,1650.4,2023-07-08 09:48:00,340
1213,1535.8,2023-06-21 12:09:00,340
1948,1304.8,2023-07-10 19:26:00,340
1545,1663.2,2023-07-04 11:07:00,340
2074,1716.7,2023-07-12 14:37:00,340
2077,1659.8,2023-07-12 16:10:00,340
2046,1612.1,2023-07-12 07:22:00,340
160,1479.1,2023-05-20 12:57:00,340
1543,1612.3,2023-07-04 10:53:00,340
1901,1463.7,2023-07-10 03:04:00,340
1162,1463.1,2023-06-20 16:47:00,340
996,1395.7,2023-06-18 05:07:00,340
977,1445.5,2023-06-17 18:05:00,340
2137,1476.5,2023-07-13 20:47:00,340
420,1758.8,2023-05-31 12:43:00,340
1932,1730.0,2023-07-10 13:50:00,340
286,1552.9,2023-05-22 19:01:00,340
2010,1637.6,2023-07-11 16:12:00,340
1448,1488.4,2023-06-25 05:55:00,340
16,1608.9,2023-05-17 21:14:00,340
2092,1532.9,2023-07-13 01:37:00,340
1882,1564.0,2023-07-09 19:04:00,340
1618,1495.6,2023-07-05 17:56:00,340
130,1364.8,2023-05-20 04:38:00,340
926,1157.5,2023-06-17 04:10:00,340
487,1740.4,2023-06-08 17:17:00,340
135,1680.1,2023-05-20 05:15:00,340
1676,1598.1,2023-07-06 15:47:00,340
1322,1454.8,2023-06-23 10:50:00,340
2002,1777.4,2023-07-11 12:37:00,340
211,1795.6,2023-05-21 09:33:00,340
2130,1524.6,2023-07-13 18:04:00,340
916,1411.8,2023-06-16 22:10:00,340
274,1654.9,2023-05-22 10:41:00,340
88,1468.3,2023-05-19 07:05:00,340
972,1534.5,2023-06-17 16:10:00,340
1422,1523.4,2023-06-24 21:05:00,340
298,1420.7,2023-05-22 23:03:00,340
2197,1530.9,2023-07-14 19:39:00,340
1428,1470.2,2023-06-25 00:47:00,340
1194,1331.2,2023-06-21 05:42:00,340
602,1676.6,2023-06-10 08:15:00,340
1671,1678.3,2023-07-06 13:23:00,340
1248,1286.2,2023-06-22 04:53:00,340
1147,1476.7,2023-06-20 12:40:00,340
1402,1548.8,2023-06-24 13:40:00,340
1131,1508.4,2023-06-20 09:05:00,340
1691,1416.6,2023-07-06 23:04:00,340
103,1714.6,2023-05-19 15:01:00,340
2166,1617.7,2023-07-14 08:09:00,340
216,1843.9,2023-05-21 10:29:00,340
45,1809.9,2023-05-18 11:38:00,340
1804,1607.7,2023-07-08 16:04:00,340
1608,1634.3,2023-07-05 12:04:00,340
2083,1617.3,2023-07-12 19:37:00,340
1922,1725.7,2023-07-10 11:07:00,340
1810,1521.8,2023-07-08 18:07:00,340
528,1898.7,2023-06-09 08:45:00,340
44,1815.8,2023-05-18 10:38:00,340
984,1369.0,2023-06-17 21:39:00,340
481,1777.2,2023-06-04 12:14:00,340
2004,1747.2,2023-07-11 13:37:00,340
448,1480.2,2023-06-01 01:37:00,340
1059,1373.6,2023-06-19 05:05:00,340
571,1401.5,2023-06-09 21:59:00,340
110,1616.1,2023-05-19 18:26:00,340
1386,1483.9,2023-06-24 11:24:00,340
2126,1611.6,2023-07-13 15:58:00,340
1094,1592.8,2023-06-19 14:48:00,340
1555,1637.1,2023-07-04 12:59:00,340
1815,1499.3,2023-07-08 22:04:00,340
1241,1251.7,2023-06-22 01:13:00,340
308,1439.0,2023-05-23 04:38:00,340
833,1672.2,2023-06-15 11:41:00,340
62,1626.6,2023-05-18 17:14:00,340
2043,1368.0,2023-07-12 06:21:00,340
1551,1622.0,2023-07-04 12:17:00,340
332,1568.9,2023-05-23 14:09:00,340
1870,1721.7,2023-07-09 13:04:00,340
1,1753.9,2023-05-17 13:38:00,340
1264,1512.2,2023-06-22 10:05:00,340
1358,1305.0,2023-06-24 05:05:00,340
142,1737.5,2023-05-20 07:38:00,340
629,1898.7,2023-06-10 12:03:00,340
399,1479.2,2023-05-25 05:38:00,340
1157,1528.3,2023-06-20 15:00:00,340
1229,1599.3,2023-06-21 19:05:00,340
1981,1637.4,2023-07-11 06:29:00,340
1400,1547.6,2023-06-24 13:26:00,340
1574,1157.4,2023-07-04 19:09:00,340
1292,1386.0,2023-06-22 22:14:00,340
1971,1536.1,2023-07-11 01:44:00,340
198,1589.6,2023-05-21 05:21:00,340
1467,1685.4,2023-06-25 09:34:00,340
460,1632.1,2023-06-01 08:37:00,340
1861,1719.4,2023-07-09 10:46:00,340
159,1510.0,2023-05-20 12:33:00,340
739,1556.9,2023-06-12 04:10:00,340
1289,1402.4,2023-06-22 20:05:00,340
1256,1161.6,2023-06-22 07:31:00,340
1526,1524.7,2023-07-04 06:46:00,340
1955,1598.6,2023-07-10 21:37:00,340
1156,1564.0,2023-06-20 14:36:00,340
83,1325.8,2023-05-19 05:41:00,340
1129,1471.0,2023-06-20 08:23:00,340
1941,1611.4,2023-07-10 17:04:00,340
2133,1480.8,2023-07-13 19:56:00,340
1363,1376.6,2023-06-24 07:05:00,340
2096,1558.0,2023-07-13 03:37:00,340
427,1747.9,2023-05-31 15:37:00,340
289,1518.1,2023-05-22 20:38:00,340
2009,1664.1,2023-07-11 16:03:00,340
529,1890.0,2023-06-09 09:04:00,340
239,1540.3,2023-05-21 17:29:00,340
1380,1491.4,2023-06-24 10:38:00,340
1595,1470.0,2023-07-05 07:12:00,340
769,1607.3,2023-06-12 19:10:00,340
599,1639.3,2023-06-10 08:04:00,340
401,1553.0,2023-05-28 06:56:00,340
639,1807.9,2023-06-10 14:47:00,340
1347,1360.7,2023-06-23 22:58:00,340
154,1783.5,2023-05-20 10:38:00,340
1909,1585.7,2023-07-10 06:22:00,340
1787,1684.0,2023-07-08 10:48:00,340
1550,1646.7,2023-07-04 12:08:00,340
295,1423.8,2023-05-22 22:38:00,340
1265,1537.7,2023-06-22 10:24:00,340
1711,1566.0,2023-07-07 08:04:00,340
452,1492.2,2023-06-01 04:37:00,340
581,1237.8,2023-06-10 03:53:00,340
2094,1534.8,2023-07-13 02:37:00,340
279,1637.6,2023-05-22 15:38:00,340
1744,1504.5,2023-07-07 17:32:00,340
1565,1508.9,2023-07-04 16:04:00,340
718,1781.8,2023-06-11 17:38:00,340
823,1533.6,2023-06-15 10:17:00,340
632,1887.5,2023-06-10 12:36:00,340
1747,1464.6,2023-07-07 19:04:00,340
2206,2.645,2023-05-11 18:07:00,340
595,1575.7,2023-06-10 06:41:00,340
575,1176.8,2023-06-10 00:04:00,340
1166,1405.6,2023-06-20 18:05:00,340
698,1779.1,2023-06-11 08:50:00,340
1699,1444.7,2023-07-07 04:33:00,340
985,1366.4,2023-06-17 22:10:00,340
750,1763.9,2023-06-12 07:05:00,340
314,1553.7,2023-05-23 07:27:00,340
1141,1507.8,2023-06-20 11:34:00,340
1017,1574.2,2023-06-18 11:10:00,340
950,1614.4,2023-06-17 10:32:00,340
1224,1486.1,2023-06-21 17:41:00,340
953,1591.3,2023-06-17 11:23:00,340
1864,1707.3,2023-07-09 11:56:00,340
1800,1672.0,2023-07-08 14:14:00,340
426,1753.4,2023-05-31 15:17:00,340
1868,1749.2,2023-07-09 12:38:00,340
175,1704.8,2023-05-20 16:45:00,340
899,1613.8,2023-06-16 12:54:00,340
79,1279.4,2023-05-19 02:38:00,340
593,1675.5,2023-06-10 05:59:00,340
1104,1458.9,2023-06-19 20:05:00,340
490,1693.7,2023-06-08 18:18:00,340
521,1681.1,2023-06-09 07:17:00,340
2199,1523.4,2023-07-14 21:37:00,340
1388,1559.4,2023-06-24 11:34:00,340
491,1671.2,2023-06-08 18:41:00,340
1705,1560.7,2023-07-07 06:02:00,340
422,1782.8,2023-05-31 14:03:00,340
1079,1509.3,2023-06-19 10:31:00,340
1262,1488.9,2023-06-22 09:05:00,340
824,1590.4,2023-06-15 10:22:00,340
494,1625.7,2023-06-08 19:09:00,340
799,1149.3,2023-06-15 04:10:00,340
1246,1297.5,2023-06-22 04:15:00,340
847,1609.2,2023-06-15 14:10:00,340
1132,1529.6,2023-06-20 09:33:00,340
1152,1490.6,2023-06-20 14:05:00,340
443,1524.0,2023-05-31 22:37:00,340
1792,1672.8,2023-07-08 11:44:00,340
887,1538.9,2023-06-16 07:41:00,340
2164,1565.1,2023-07-14 07:27:00,340
2060,1682.6,2023-07-12 11:11:00,340
1730,1655.1,2023-07-07 11:42:00,340
764,1378.0,2023-06-12 17:26:00,340
1454,1566.6,2023-06-25 07:38:00,340
54,1683.2,2023-05-18 13:58:00,340
2176,1661.1,2023-07-14 11:01:00,340
1026,1556.1,2023-06-18 13:59:00,340
1690,1424.4,2023-07-06 22:04:00,340
1716,1643.3,2023-07-07 09:27:00,340
1408,1456.3,2023-06-24 15:41:00,340
226,1865.2,2023-05-21 12:31:00,340
1414,1662.2,2023-06-24 18:05:00,340
640,1793.8,2023-06-10 15:04:00,340
409,1668.1,2023-05-29 11:24:00,340
12,1649.1,2023-05-17 19:38:00,340
1218,1505.4,2023-06-21 14:29:00,340
1287,1407.2,2023-06-22 18:53:00,340
404,1601.0,2023-05-28 07:52:00,340
1759,1414.6,2023-07-08 03:02:00,340
951,1590.0,2023-06-17 11:09:00,340
1852,1684.9,2023-07-09 09:03:00,340
974,1494.9,2023-06-17 16:59:00,340
1279,1512.7,2023-06-22 14:05:00,340
215,1793.6,2023-05-21 10:25:00,340
2102,1604.3,2023-07-13 06:43:00,340
1715,1616.9,2023-07-07 09:04:00,340
471,1676.2,2023-06-04 09:03:00,340
1271,1509.4,2023-06-22 11:29:00,340
538,1846.3,2023-06-09 13:04:00,340
1080,1538.8,2023-06-19 10:45:00,340
990,1334.7,2023-06-18 02:10:00,340
2191,1549.8,2023-07-14 17:15:00,340
1008,1495.7,2023-06-18 08:09:00,340
1193,1356.1,2023-06-21 05:19:00,340
874,1397.1,2023-06-16 01:09:00,340
496,1570.3,2023-06-08 19:51:00,340
311,1492.5,2023-05-23 05:49:00,340
131,1396.4,2023-05-20 04:42:00,340
251,1419.6,2023-05-22 00:06:00,340
1047,1483.7,2023-06-18 23:10:00,340
136,1684.3,2023-05-20 05:38:00,340
647,1750.8,2023-06-10 16:39:00,340
594,1554.0,2023-06-10 06:04:00,340
1410,1575.0,2023-06-24 16:32:00,340
584,1308.2,2023-06-10 04:31:00,340
810,1522.9,2023-06-15 07:38:00,340
1568,1462.5,2023-07-04 17:04:00,340
278,1656.4,2023-05-22 14:38:00,340
359,1459.0,2023-05-24 05:38:00,340
2113,1715.9,2023-07-13 09:37:00,340
2057,1712.4,2023-07-12 10:47:00,340
350,1403.9,2023-05-23 23:24:00,340
1206,1524.0,2023-06-21 09:12:00,340
1398,1478.5,2023-06-24 13:02:00,340
1482,1706.6,2023-06-25 11:45:00,340
27,1317.2,2023-05-18 03:38:00,340
1642,1431.7,2023-07-06 06:18:00,340
659,1532.4,2023-06-10 20:04:00,340
1221,1474.4,2023-06-21 16:45:00,340
570,1422.8,2023-06-09 21:17:00,340
1293,1385.4,2023-06-22 23:05:00,340
1871,1751.0,2023-07-09 13:11:00,340
2095,1547.0,2023-07-13 03:22:00,340
649,1714.6,2023-06-10 17:04:00,340
868,1444.2,2023-06-15 22:17:00,340
1081,1508.1,2023-06-19 11:04:00,340
890,1590.3,2023-06-16 09:01:00,340
1051,1397.9,2023-06-19 01:53:00,340
827,1641.3,2023-06-15 10:50:00,340
1643,1460.6,2023-07-06 06:23:00,340
2001,1755.8,2023-07-11 12:09:00,340
2119,1733.0,2023-07-13 11:41:00,340
1459,1585.9,2023-06-25 08:10:00,340
2107,1581.1,2023-07-13 07:53:00,340
1057,1377.8,2023-06-19 04:32:00,340
597,1600.0,2023-06-10 07:37:00,340
1010,1488.1,2023-06-18 08:47:00,340
860,1504.9,2023-06-15 19:00:00,340
1233,1589.4,2023-06-21 22:05:00,340
90,1481.7,2023-05-19 07:38:00,340
2168,1644.3,2023-07-14 08:55:00,340
789,1525.8,2023-06-13 05:10:00,340
262,1512.6,2023-05-22 05:38:00,340
711,1521.6,2023-06-11 15:08:00,340
1967,1553.5,2023-07-11 00:04:00,340
1171,1342.3,2023-06-20 20:59:00,340
148,1723.7,2023-05-20 09:22:00,340
1898,1474.8,2023-07-10 01:04:00,340
2034,1243.5,2023-07-12 05:02:00,340
78,1290.3,2023-05-19 01:38:00,340
1779,1638.3,2023-07-08 09:34:00,340
2030,1200.0,2023-07-12 02:37:00,340
997,1418.0,2023-06-18 05:40:00,340
35,1693.5,2023-05-18 06:20:00,340
234,1618.8,2023-05-21 15:38:00,340
1181,1243.9,2023-06-21 01:05:00,340
323,1610.6,2023-05-23 10:43:00,340
1421,1538.8,2023-06-24 20:40:00,340
1030,1536.8,2023-06-18 16:10:00,340
1515,1264.0,2023-07-03 14:07:00,340
2204,1198.2,2023-07-15 01:37:00,340
815,1590.6,2023-06-15 08:48:00,340
1048,1419.8,2023-06-18 23:15:00,340
1525,1460.8,2023-07-04 04:31:00,340
395,1434.9,2023-05-25 03:38:00,340
1937,1668.5,2023-07-10 16:04:00,340
1607,1614.2,2023-07-05 11:52:00,340
1418,1588.1,2023-06-24 19:30:00,340
2056,1690.7,2023-07-12 10:43:00,340
503,1463.0,2023-06-08 22:04:00,340
1878,1620.7,2023-07-09 16:45:00,340
383,1444.3,2023-05-24 19:28:00,340
310,1470.2,2023-05-23 05:38:00,340
1178,1343.0,2023-06-21 00:20:00,340
904,1557.2,2023-06-16 16:10:00,340
520,1654.3,2023-06-09 07:04:00,340
1614,1563.4,2023-07-05 16:27:00,340
759,1761.0,2023-06-12 16:21:00,340
189,1552.8,2023-05-21 01:38:00,340
1596,1499.5,2023-07-05 07:45:00,340
663,1510.3,2023-06-10 23:04:00,340
1015,1534.5,2023-06-18 10:29:00,340
574,1174.1,2023-06-09 23:04:00,340
315,1524.1,2023-05-23 07:32:00,340
742,1617.8,2023-06-12 05:04:00,340
1349,1321.3,2023-06-23 23:07:00,340
2089,1553.4,2023-07-12 23:37:00,340
2041,1364.0,2023-07-12 05:53:00,340
786,1515.3,2023-06-13 04:01:00,340
1875,1696.9,2023-07-09 15:49:00,340
961,1663.0,2023-06-17 12:38:00,340
26,1297.3,2023-05-18 02:46:00,340
1435,1176.9,2023-06-25 02:58:00,340
1631,1343.0,2023-07-06 02:04:00,340
666,1566.2,2023-06-11 00:21:00,340
256,1414.8,2023-05-22 02:50:00,340
1452,1585.9,2023-06-25 07:14:00,340
1836,1587.7,2023-07-09 05:38:00,340
966,1600.3,2023-06-17 14:07:00,340
682,1613.5,2023-06-11 05:43:00,340
688,1713.8,2023-06-11 06:35:00,340
863,1483.1,2023-06-15 20:10:00,340
498,1538.3,2023-06-08 20:15:00,340
41,1777.2,2023-05-18 08:45:00,340
991,1349.8,2023-06-18 03:10:00,340
1769,1573.8,2023-07-08 07:37:00,340
99,1747.2,2023-05-19 12:38:00,340
1504,1084.1,2023-07-03 10:33:00,340
922,1115.1,2023-06-17 01:10:00,340
1230,1573.0,2023-06-21 19:14:00,340
1346,1305.2,2023-06-23 22:25:00,340
720,1758.3,2023-06-11 18:15:00,340
436,1609.8,2023-05-31 19:29:00,340
1100,1496.4,2023-06-19 17:31:00,340
2134,1454.0,2023-07-13 20:15:00,340
1629,1362.6,2023-07-06 00:00:00,340
1802,1660.4,2023-07-08 15:04:00,340
516,1581.9,2023-06-09 05:01:00,340
819,1634.6,2023-06-15 09:30:00,340
1116,1118.4,2023-06-20 03:05:00,340
156,1852.8,2023-05-20 11:14:00,340
1369,1436.9,2023-06-24 08:08:00,340
419,1732.7,2023-05-31 12:37:00,340
831,1666.1,2023-06-15 11:13:00,340
1720,1670.7,2023-07-07 10:23:00,340
777,1522.2,2023-06-12 23:10:00,340
502,1463.5,2023-06-08 21:57:00,340
1842,1605.2,2023-07-09 06:38:00,340
2208,2.175,2023-05-10 11:12:00,340
1688,1428.2,2023-07-06 20:41:00,340
1362,1363.3,2023-06-24 06:58:00,340
1710,1583.7,2023-07-07 07:21:00,340
1535,1622.4,2023-07-04 09:20:00,340
349,1429.7,2023-05-23 22:38:00,340
1529,1601.8,2023-07-04 07:00:00,340
1056,1353.3,2023-06-19 04:10:00,340
635,1855.3,2023-06-10 13:23:00,340
2063,1703.4,2023-07-12 11:44:00,340
318,1570.7,2023-05-23 08:42:00,340
1935,1725.1,2023-07-10 15:04:00,340
543,1733.5,2023-06-09 14:07:00,340
355,1417.9,2023-05-24 02:38:00,340
1507,1071.4,2023-07-03 12:04:00,340
2120,1708.2,2023-07-13 12:33:00,340
493,1647.2,2023-06-08 19:04:00,340
2149,1518.9,2023-07-13 23:49:00,340
1597,1543.8,2023-07-05 07:59:00,340
723,1706.4,2023-06-11 20:10:00,340
180,1636.0,2023-05-20 19:05:00,340
1823,1233.1,2023-07-09 00:39:00,340
244,1472.6,2023-05-21 19:38:00,340
166,1496.3,2023-05-20 14:11:00,340
2003,1753.5,2023-07-11 12:56:00,340
392,1432.3,2023-05-25 00:50:00,340
1225,1547.3,2023-06-21 17:50:00,340
940,1537.6,2023-06-17 08:40:00,340
1058,1349.1,2023-06-19 04:37:00,340
85,1369.1,2023-05-19 06:38:00,340
746,1686.1,2023-06-12 06:00:00,340
1180,1248.8,2023-06-21 00:48:00,340
1999,1815.9,2023-07-11 11:55:00,340
1899,1464.5,2023-07-10 01:23:00,340
912,1446.9,2023-06-16 19:40:00,340
1516,1288.1,2023-07-03 14:12:00,340
1323,1477.5,2023-06-23 10:59:00,340
1653,1594.8,2023-07-06 09:48:00,340
1996,1754.5,2023-07-11 11:04:00,340
380,1488.7,2023-05-24 17:59:00,340
1272,1530.9,2023-06-22 11:39:00,340
2129,1567.3,2023-07-13 17:36:00,340
1038,1430.2,2023-06-18 19:10:00,340
509,1610.4,2023-06-09 02:23:00,340
1751,1429.8,2023-07-07 21:04:00,340
21,1329.8,2023-05-17 23:38:00,340
1634,1366.4,2023-07-06 03:04:00,340
1438,1213.0,2023-06-25 03:49:00,340
187,1558.3,2023-05-20 23:38:00,340
1014,1575.8,2023-06-18 10:10:00,340
1831,1551.6,2023-07-09 04:56:00,340
393,1439.2,2023-05-25 01:38:00,340
170,1781.2,2023-05-20 14:53:00,340
1563,1542.8,2023-07-04 15:24:00,340
74,1282.1,2023-05-18 23:38:00,340
1158,1526.5,2023-06-20 15:05:00,340
1481,1670.7,2023-06-25 11:40:00,340
9,1668.7,2023-05-17 18:26:00,340
10,1667.6,2023-05-17 18:38:00,340
1328,1489.3,2023-06-23 11:41:00,340
1923,1756.9,2023-07-10 11:11:00,340
826,1670.3,2023-06-15 10:36:00,340
1238,1495.1,2023-06-22 00:41:00,340
1576,1152.6,2023-07-04 21:04:00,340
1365,1417.2,2023-06-24 07:36:00,340
284,1578.0,2023-05-22 18:28:00,340
1370,1459.4,2023-06-24 08:50:00,340
616,1767.3,2023-06-10 10:07:00,340
1268,1527.8,2023-06-22 11:05:00,340
1978,1587.8,2023-07-11 05:19:00,340
1962,1758.9,2023-07-10 22:47:00,340
1149,1477.7,2023-06-20 12:54:00,340
2139,1578.0,2023-07-13 20:57:00,340
1866,1737.6,2023-07-09 12:19:00,340
473,1669.6,2023-06-04 09:17:00,340
139,1728.5,2023-05-20 06:38:00,340
1189,1356.4,2023-06-21 04:46:00,340
1250,1291.8,2023-06-22 05:16:00,340
1915,1704.0,2023-07-10 08:04:00,340
191,1547.8,2023-05-21 02:38:00,340
55,1656.4,2023-05-18 14:16:00,340
482,1805.3,2023-06-08 15:35:00,340
1960,1718.0,2023-07-10 22:04:00,340
1695,1391.5,2023-07-07 02:04:00,340
320,1598.4,2023-05-23 10:15:00,340
2109,1651.0,2023-07-13 08:07:00,340
754,1807.5,2023-06-12 14:29:00,340
1041,1395.0,2023-06-18 20:10:00,340
2212,11.6840002441406,2023-05-11 02:42:00,340
430,1703.6,2023-05-31 17:00:00,340
209,1789.4,2023-05-21 09:05:00,340
1687,1443.0,2023-07-06 20:04:00,340
1578,1136.8,2023-07-04 22:04:00,340
1703,1466.3,2023-07-07 05:34:00,340
207,1759.0,2023-05-21 08:00:00,340
237,1586.5,2023-05-21 16:38:00,340
1003,1483.1,2023-06-18 07:23:00,340
1857,1715.5,2023-07-09 10:04:00,340
345,1439.0,2023-05-23 19:38:00,340
962,1635.6,2023-06-17 12:47:00,340
1665,1691.6,2023-07-06 11:49:00,340
1704,1528.6,2023-07-07 05:52:00,340
1419,1570.4,2023-06-24 20:05:00,340
1290,1396.1,2023-06-22 21:05:00,340
457,1595.3,2023-06-01 07:14:00,340
1199,1435.7,2023-06-21 06:47:00,340
300,1397.0,2023-05-22 23:41:00,340
1436,1214.1,2023-06-25 03:02:00,340
459,1617.9,2023-06-01 08:05:00,340
942,1543.3,2023-06-17 08:54:00,340
1392,1515.8,2023-06-24 12:30:00,340
1315,1407.6,2023-06-23 06:28:00,340
1259,1216.8,2023-06-22 08:41:00,340
1395,1440.2,2023-06-24 12:48:00,340
474,1699.2,2023-06-04 09:22:00,340
1660,1603.7,2023-07-06 11:04:00,340
1610,1625.6,2023-07-05 14:04:00,340
1108,1419.0,2023-06-19 22:05:00,340
463,1674.5,2023-06-01 09:37:00,340
5,1687.2,2023-05-17 16:38:00,340
841,1718.9,2023-06-15 13:00:00,340
326,1611.7,2023-05-23 12:21:00,340
1374,1509.4,2023-06-24 09:37:00,340
1728,1616.5,2023-07-07 11:33:00,340
1353,1272.6,2023-06-24 01:46:00,340
1793,1700.3,2023-07-08 11:58:00,340
892,1614.3,2023-06-16 09:57:00,340
1083,1659.7,2023-06-19 11:32:00,340
13,1671.4,2023-05-17 19:55:00,340
1153,1476.6,2023-06-20 14:08:00,340
694,1720.6,2023-06-11 08:11:00,340
387,1413.1,2023-05-24 21:38:00,340
523,1751.4,2023-06-09 07:54:00,340
1552,1661.8,2023-07-04 12:22:00,340
1604,1602.5,2023-07-05 10:14:00,340
1613,1569.3,2023-07-05 16:04:00,340
1285,1430.4,2023-06-22 17:47:00,340
603,1708.5,2023-06-10 08:33:00,340
842,1690.1,2023-06-15 13:05:00,340
322,1572.5,2023-05-23 10:38:00,340
1677,1580.7,2023-07-06 16:04:00,340
2138,1536.8,2023-07-13 20:52:00,340
1013,1561.2,2023-06-18 09:38:00,340
1723,1608.1,2023-07-07 11:10:00,340
2146,1510.3,2023-07-13 22:53:00,340
2198,1536.1,2023-07-14 20:37:00,340
1575,1149.2,2023-07-04 20:04:00,340
554,1569.1,2023-06-09 16:46:00,340
2032,1238.2,2023-07-12 04:37:00,340
830,1647.4,2023-06-15 11:10:00,340
1725,1672.9,2023-07-07 11:19:00,340
455,1541.6,2023-06-01 05:45:00,340
307,1428.8,2023-05-23 04:16:00,340
72,1314.4,2023-05-18 22:38:00,340
257,1435.4,2023-05-22 03:38:00,340
1637,1409.0,2023-07-06 04:31:00,340
2,1750.6,2023-05-17 14:38:00,340
1302,1351.5,2023-06-23 03:54:00,340
1896,1522.3,2023-07-10 00:32:00,340
2218,15.285,2023-05-14 05:42:00,340
1352,1286.7,2023-06-24 01:05:00,340
2118,1715.1,2023-07-13 11:37:00,340
929,1190.2,2023-06-17 06:01:00,340
1835,1565.5,2023-07-09 05:28:00,340
479,1790.8,2023-06-04 12:00:00,340
2171,1635.0,2023-07-14 09:42:00,340
1840,1560.0,2023-07-09 06:20:00,340
909,1491.8,2023-06-16 18:11:00,340
117,1579.8,2023-05-19 22:38:00,340
1501,1043.1,2023-07-03 10:04:00,340
2023,1505.3,2023-07-11 22:37:00,340
1029,1528.4,2023-06-18 15:19:00,340
1234,1570.4,2023-06-21 23:05:00,340
466,1708.4,2023-06-01 10:37:00,340
2103,1576.6,2023-07-13 06:52:00,340
1371,1451.9,2023-06-24 09:05:00,340
445,1493.4,2023-05-31 23:37:00,340
1817,1226.5,2023-07-08 22:56:00,340
1035,1436.9,2023-06-18 18:10:00,340
1198,1412.5,2023-06-21 06:38:00,340
776,1519.3,2023-06-12 22:34:00,340
604,1732.5,2023-06-10 08:38:00,340
568,1456.2,2023-06-09 21:04:00,340
1562,1577.1,2023-07-04 15:04:00,340
2190,1571.4,2023-07-14 16:47:00,340
1078,1533.5,2023-06-19 10:27:00,340
1092,1645.3,2023-06-19 14:05:00,340
1257,1183.5,2023-06-22 07:36:00,340
84,1360.0,2023-05-19 06:27:00,340
1951,1363.8,2023-07-10 20:13:00,340
2114,1735.6,2023-07-13 09:40:00,340
1813,1499.6,2023-07-08 20:41:00,340
1211,1567.0,2023-06-21 11:05:00,340
755,1856.8,2023-06-12 15:25:00,340
1767,1544.9,2023-07-08 06:41:00,340
151,1782.6,2023-05-20 09:50:00,340
1954,1566.4,2023-07-10 21:23:00,340
1443,1495.7,2023-06-25 04:59:00,340
388,1420.3,2023-05-24 22:38:00,340
1161,1484.4,2023-06-20 16:14:00,340
731,1560.1,2023-06-11 23:09:00,340
172,1757.3,2023-05-20 15:54:00,340
1453,1541.0,2023-06-25 07:33:00,340
530,1841.7,2023-06-09 09:32:00,340
1487,1699.0,2023-06-25 12:27:00,340
765,1669.1,2023-06-12 17:31:00,340
735,1510.9,2023-06-12 01:38:00,340
1361,1329.7,2023-06-24 06:05:00,340
1846,1594.2,2023-07-09 07:53:00,340
1673,1645.6,2023-07-06 14:04:00,340
1675,1619.6,2023-07-06 15:10:00,340
374,1556.7,2023-05-24 14:38:00,340
1584,1116.6,2023-07-05 03:04:00,340
709,1855.0,2023-06-11 14:50:00,340
937,1508.7,2023-06-17 08:10:00,340
2117,1709.7,2023-07-13 11:27:00,340
1184,1285.6,2023-06-21 03:13:00,340
1074,1495.6,2023-06-19 09:03:00,340
1913,1665.6,2023-07-10 07:04:00,340
1733,1658.4,2023-07-07 13:04:00,340
670,1490.0,2023-06-11 01:04:00,340
32,1499.0,2023-05-18 04:38:00,340
238,1565.9,2023-05-21 16:57:00,340
127,1277.6,2023-05-20 03:51:00,340
354,1419.6,2023-05-24 01:35:00,340
164,1803.1,2023-05-20 13:29:00,340
1470,1641.1,2023-06-25 09:48:00,340
1674,1633.6,2023-07-06 15:04:00,340
1929,1746.9,2023-07-10 13:04:00,340
1944,1613.1,2023-07-10 18:35:00,340
492,1649.5,2023-06-08 18:55:00,340
472,1643.7,2023-06-04 09:12:00,340
973,1520.0,2023-06-17 16:27:00,340
1701,1471.2,2023-07-07 05:20:00,340
1770,1590.0,2023-07-08 08:04:00,340
1564,1515.3,2023-07-04 15:57:00,340
89,1493.6,2023-05-19 07:23:00,340
1656,1581.9,2023-07-06 10:07:00,340
97,1751.7,2023-05-19 11:38:00,340
1066,1462.7,2023-06-19 06:39:00,340
1023,1549.1,2023-06-18 13:03:00,340
1790,1666.7,2023-07-08 11:21:00,340
1593,1449.0,2023-07-05 06:53:00,340
449,1462.7,2023-06-01 02:37:00,340
550,1673.9,2023-06-09 16:09:00,340
1963,1598.1,2023-07-10 22:51:00,340
1498,1033.3,2023-07-03 08:36:00,340
218,1821.6,2023-05-21 10:43:00,340
178,1657.0,2023-05-20 18:28:00,340
433,1656.8,2023-05-31 18:10:00,340
1340,1373.6,2023-06-23 19:04:00,340
1320,1459.9,2023-06-23 10:05:00,340
567,1468.5,2023-06-09 20:53:00,340
1925,1745.5,2023-07-10 11:44:00,340
1409,1430.5,2023-06-24 16:04:00,340
741,1592.3,2023-06-12 04:40:00,340
1305,1397.4,2023-06-23 04:27:00,340
1553,1627.5,2023-07-04 12:31:00,340
483,1799.9,2023-06-08 16:04:00,340
1872,1729.8,2023-07-09 13:29:00,340
1917,1745.5,2023-07-10 09:29:00,340
2187,1616.1,2023-07-14 15:37:00,340
437,1608.2,2023-05-31 19:37:00,340
780,1482.0,2023-06-13 01:10:00,340
548,1729.6,2023-06-09 15:45:00,340
853,1598.7,2023-06-15 15:10:00,340
1085,1621.3,2023-06-19 12:05:00,340
2108,1624.2,2023-07-13 07:57:00,340
782,1460.0,2023-06-13 02:10:00,340
1758,1389.5,2023-07-08 02:04:00,340
1480,1715.0,2023-06-25 11:36:00,340
1684,1465.8,2023-07-06 18:04:00,340
1007,1470.1,2023-06-18 08:00:00,340
1549,1641.3,2023-07-04 12:04:00,340
1753,1422.5,2023-07-07 23:04:00,340
673,1285.6,2023-06-11 02:23:00,340
2181,1640.1,2023-07-14 13:17:00,340
686,1703.8,2023-06-11 06:21:00,340
1623,1422.8,2023-07-05 19:57:00,340
2044,1390.3,2023-07-12 06:35:00,340
817,1618.4,2023-06-15 09:10:00,340
1267,1542.2,2023-06-22 10:52:00,340
752,1803.9,2023-06-12 07:28:00,340
121,1537.6,2023-05-20 00:38:00,340
699,1814.0,2023-06-11 09:00:00,340
876,1379.9,2023-06-16 03:10:00,340
1505,1061.9,2023-07-03 10:47:00,340
1040,1397.3,2023-06-18 19:31:00,340
896,1613.1,2023-06-16 11:44:00,340
578,1165.7,2023-06-10 03:04:00,340
1444,1511.1,2023-06-25 05:05:00,340
855,1612.0,2023-06-15 17:10:00,340
1681,1519.9,2023-07-06 17:04:00,340
38,1733.6,2023-05-18 07:38:00,340
1317,1436.4,2023-06-23 07:05:00,340
31,1467.6,2023-05-18 04:33:00,340
1696,1413.0,2023-07-07 03:04:00,340
106,1669.8,2023-05-19 16:29:00,340
23,1320.5,2023-05-18 00:38:00,340
710,1545.7,2023-06-11 14:59:00,340
69,1574.2,2023-05-18 21:21:00,340
199,1637.1,2023-05-21 05:31:00,340
1891,1533.4,2023-07-09 22:04:00,340
1119,1430.6,2023-06-20 04:39:00,340
2093,1523.9,2023-07-13 02:03:00,340
1127,1475.8,2023-06-20 08:04:00,340
1190,1384.3,2023-06-21 04:51:00,340
1805,1603.8,2023-07-08 16:06:00,340
1270,1551.7,2023-06-22 11:25:00,340
1173,1334.5,2023-06-20 22:05:00,340
1098,1560.5,2023-06-19 17:05:00,340
2122,1685.8,2023-07-13 13:37:00,340
1242,1232.3,2023-06-22 02:05:00,340
384,1443.8,2023-05-24 19:38:00,340
1148,1502.5,2023-06-20 12:44:00,340
265,1545.5,2023-05-22 07:38:00,340
1585,1121.3,2023-07-05 04:04:00,340
1016,1558.6,2023-06-18 10:43:00,340
1458,1634.5,2023-06-25 08:01:00,340
1134,1552.9,2023-06-20 10:06:00,340
1064,1424.5,2023-06-19 06:05:00,340
504,1442.0,2023-06-08 22:35:00,340
276,1656.3,2023-05-22 12:38:00,340
809,1496.9,2023-06-15 07:34:00,340
339,1523.5,2023-05-23 16:38:00,340
1829,1309.6,2023-07-09 04:46:00,340
945,1531.1,2023-06-17 09:45:00,340
1855,1715.0,2023-07-09 09:45:00,340
185,1574.5,2023-05-20 22:38:00,340
798,1155.2,2023-06-15 03:08:00,340
930,1158.7,2023-06-17 06:06:00,340
744,1639.6,2023-06-12 05:22:00,340
978,1435.5,2023-06-17 18:10:00,340
1120,1442.7,2023-06-20 05:05:00,340
61,1583.7,2023-05-18 16:36:00,340
797,1132.7,2023-06-15 02:30:00,340
1645,1513.0,2023-07-06 07:00:00,340
2201,1220.7,2023-07-14 23:28:00,340
1957,1652.5,2023-07-10 21:46:00,340
141,1731.2,2023-05-20 07:25:00,340
2070,1712.2,2023-07-12 13:31:00,340
2068,1719.7,2023-07-12 13:03:00,340
1331,1486.8,2023-06-23 14:05:00,340
193,1567.1,2023-05-21 03:43:00,340
646,1785.9,2023-06-10 16:29:00,340
33,1647.0,2023-05-18 05:34:00,340
1819,1203.0,2023-07-08 23:34:00,340
800,1181.2,2023-06-15 05:04:00,340
57,1626.6,2023-05-18 14:38:00,340
938,1541.9,2023-06-17 08:12:00,340
2061,1705.7,2023-07-12 11:30:00,340
358,1441.0,2023-05-24 04:41:00,340
1069,1476.4,2023-06-19 08:05:00,340
1930,1727.8,2023-07-10 13:36:00,340
2005,1730.4,2023-07-11 13:57:00,340
68,1600.2,2023-05-18 20:38:00,340
1342,1348.3,2023-06-23 20:05:00,340
291,1457.7,2023-05-22 21:30:00,340
46,1792.0,2023-05-18 11:52:00,340
923,1111.6,2023-06-17 02:10:00,340
277,1659.3,2023-05-22 13:38:00,340
2140,1554.9,2023-07-13 21:06:00,340
2192,1529.9,2023-07-14 17:37:00,340
224,1841.6,2023-05-21 11:58:00,340
864,1548.6,2023-06-15 20:47:00,340
381,1480.3,2023-05-24 18:38:00,340
1766,1521.6,2023-07-08 06:04:00,340
364,1488.2,2023-05-24 06:57:00,340
1893,1515.6,2023-07-09 23:04:00,340
1390,1505.1,2023-06-24 12:02:00,340
933,1430.2,2023-06-17 07:07:00,340
1024,1544.3,2023-06-18 13:10:00,340
773,1540.7,2023-06-12 21:01:00,340
2158,1521.7,2023-07-14 05:16:00,340
66,1595.6,2023-05-18 19:20:00,340
1203,1454.2,2023-06-21 08:39:00,340
1055,1354.8,2023-06-19 03:41:00,340
867,1457.4,2023-06-15 22:10:00,340
28,1324.2,2023-05-18 03:46:00,340
294,1408.6,2023-05-22 22:17:00,340
113,1614.4,2023-05-19 19:36:00,340
245,1466.9,2023-05-21 19:40:00,340
1439,1216.2,2023-06-25 04:05:00,340
1022,1576.1,2023-06-18 12:59:00,340
1185,1318.8,2023-06-21 03:17:00,340
980,1397.4,2023-06-17 19:10:00,340
411,1706.3,2023-05-29 11:47:00,340
1903,1521.1,2023-07-10 04:02:00,340
1746,1480.0,2023-07-07 18:19:00,340
116,1585.4,2023-05-19 21:38:00,340
2147,1543.2,2023-07-13 23:03:00,340
1959,1706.5,2023-07-10 21:55:00,340
247,1442.7,2023-05-21 21:18:00,340
1513,1300.6,2023-07-03 13:25:00,340
665,1554.8,2023-06-11 00:04:00,340
751,1773.0,2023-06-12 07:10:00,340
1811,1525.8,2023-07-08 19:04:00,340
1351,1288.4,2023-06-24 00:05:00,340
92,1562.4,2023-05-19 08:33:00,340
1405,1512.4,2023-06-24 15:05:00,340
114,1616.5,2023-05-19 20:38:00,340
1376,1511.4,2023-06-24 10:05:00,340
254,1392.1,2023-05-22 02:26:00,340
429,1713.8,2023-05-31 16:37:00,340
588,1450.4,2023-06-10 05:17:00,340
2225,377.3,2023-06-09 10:00:00,340
1952,1337.3,2023-07-10 20:17:00,340
118,1570.7,2023-05-19 22:43:00,340
1413,1685.8,2023-06-24 17:05:00,340
132,1446.1,2023-05-20 04:51:00,340
1749,1448.7,2023-07-07 20:04:00,340
263,1528.9,2023-05-22 06:20:00,340
1313,1355.0,2023-06-23 06:05:00,340
246,1459.5,2023-05-21 20:38:00,340
1591,1453.8,2023-07-05 06:04:00,340
775,1537.2,2023-06-12 22:10:00,340
552,1628.3,2023-06-09 16:23:00,340
1113,1382.0,2023-06-20 02:05:00,340
1216,1548.4,2023-06-21 13:47:00,340
1651,1592.2,2023-07-06 09:06:00,340
580,1199.3,2023-06-10 03:44:00,340
1776,1630.8,2023-07-08 09:01:00,340
1460,1615.9,2023-06-25 08:15:00,340
1652,1616.2,2023-07-06 09:29:00,340
651,1675.6,2023-06-10 17:17:00,340
2091,1548.4,2023-07-13 00:37:00,340
1170,1368.8,2023-06-20 20:36:00,340
1142,1530.4,2023-06-20 11:39:00,340
1719,1652.7,2023-07-07 10:04:00,340
196,1540.1,2023-05-21 04:38:00,340
533,1488.0,2023-06-09 11:43:00,340
862,1476.7,2023-06-15 19:23:00,340
1664,1661.4,2023-07-06 11:40:00,340
2143,1500.7,2023-07-13 22:21:00,340
1368,1422.5,2023-06-24 08:05:00,340
897,1636.0,2023-06-16 11:53:00,340
2177,1665.8,2023-07-14 11:37:00,340
1050,1409.4,2023-06-19 01:10:00,340
676,1256.3,2023-06-11 03:42:00,340
14,1642.8,2023-05-17 20:14:00,340
500,1512.9,2023-06-08 21:20:00,340
2036,1243.5,2023-07-12 05:30:00,340
1106,1444.2,2023-06-19 21:05:00,340
2156,1497.9,2023-07-14 03:52:00,340
2039,1296.5,2023-07-12 05:44:00,340
1918,1716.5,2023-07-10 10:01:00,340
600,1658.7,2023-06-10 08:05:00,340
875,1386.5,2023-06-16 02:10:00,340
273,1626.3,2023-05-22 10:38:00,340
684,1628.3,2023-06-11 06:10:00,340
1816,1331.9,2023-07-08 22:52:00,340
1490,1698.0,2023-06-25 13:14:00,340
1133,1542.4,2023-06-20 10:05:00,340
1471,1684.5,2023-06-25 09:58:00,340
371,1562.6,2023-05-24 11:38:00,340
2104,1611.4,2023-07-13 06:57:00,340
271,1598.2,2023-05-22 09:38:00,340
605,1758.0,2023-06-10 08:47:00,340
1473,1709.0,2023-06-25 10:44:00,340
1253,1172.3,2023-06-22 06:05:00,340
1547,1658.7,2023-07-04 11:45:00,340
214,1831.1,2023-05-21 10:11:00,340
1821,1483.8,2023-07-09 00:25:00,340
344,1447.4,2023-05-23 18:58:00,340
838,1826.7,2023-06-15 12:42:00,340
1615,1540.6,2023-07-05 16:55:00,340
147,1702.5,2023-05-20 09:17:00,340
1021,1549.2,2023-06-18 12:49:00,340
1838,1595.8,2023-07-09 05:52:00,340
412,1729.1,2023-05-29 12:34:00,340
1223,1452.3,2023-06-21 17:27:00,340
783,1473.5,2023-06-13 03:10:00,340
342,1469.8,2023-05-23 18:16:00,340
947,1536.4,2023-06-17 09:55:00,340
747,1691.7,2023-06-12 06:10:00,340
173,1729.0,2023-05-20 16:03:00,340
377,1526.8,2023-05-24 16:38:00,340
1491,1728.8,2023-06-25 13:28:00,340
738,1538.2,2023-06-12 03:30:00,340
1329,1508.0,2023-06-23 12:05:00,340
1567,1468.7,2023-07-04 16:53:00,340
1743,1535.9,2023-07-07 17:04:00,340
52,1730.2,2023-05-18 13:38:00,340
18,1367.2,2023-05-17 21:47:00,340
1309,1319.7,2023-06-23 05:05:00,340
221,1869.0,2023-05-21 11:38:00,340
1709,1556.4,2023-07-07 07:04:00,340
2000,1779.6,2023-07-11 12:00:00,340
2185,1660.5,2023-07-14 14:37:00,340
1389,1527.9,2023-06-24 11:38:00,340
1140,1533.9,2023-06-20 11:05:00,340
1934,1708.8,2023-07-10 14:55:00,340
1385,1529.2,2023-06-24 11:20:00,340
95,1740.7,2023-05-19 09:53:00,340
1499,1031.0,2023-07-03 09:04:00,340
261,1507.4,2023-05-22 05:24:00,340
1950,1353.4,2023-07-10 20:04:00,340
1953,1593.8,2023-07-10 21:04:00,340
1765,1519.3,2023-07-08 05:22:00,340
179,1656.5,2023-05-20 18:38:00,340
1126,1499.0,2023-06-20 07:41:00,340
1598,1542.9,2023-07-05 08:04:00,340
716,1832.6,2023-06-11 17:19:00,340
2173,1650.6,2023-07-14 10:29:00,340
1587,1153.3,2023-07-05 04:24:00,340
184,1589.7,2023-05-20 21:35:00,340
467,1746.5,2023-06-01 11:31:00,340
2014,1596.8,2023-07-11 17:37:00,340
903,1575.2,2023-06-16 15:10:00,340
1974,1559.6,2023-07-11 03:22:00,340
71,1310.8,2023-05-18 21:44:00,340
1169,1382.0,2023-06-20 20:05:00,340
1789,1692.7,2023-07-08 11:12:00,340
1764,1492.5,2023-07-08 05:17:00,340
346,1426.0,2023-05-23 19:59:00,340
1707,1620.3,2023-07-07 06:34:00,340
1207,1563.2,2023-06-21 09:17:00,340
29,1345.8,2023-05-18 04:14:00,340
2131,1502.0,2023-07-13 18:37:00,340
796,1157.8,2023-06-15 02:10:00,340
1063,1394.3,2023-06-19 05:51:00,340
1528,1633.7,2023-07-04 06:55:00,340
157,1855.1,2023-05-20 11:38:00,340
932,1204.6,2023-06-17 06:34:00,340
658,1540.8,2023-06-10 19:32:00,340
1659,1613.3,2023-07-06 10:39:00,340
2097,1568.5,2023-07-13 04:04:00,340
394,1423.4,2023-05-25 02:38:00,340
1076,1559.6,2023-06-19 09:59:00,340
988,1347.9,2023-06-18 01:00:00,340
1938,1657.0,2023-07-10 16:19:00,340
1383,1577.8,2023-06-24 11:06:00,340
1729,1591.8,2023-07-07 11:38:00,340
402,1576.5,2023-05-28 07:29:00,340
989,1346.2,2023-06-18 01:10:00,340
1445,1524.5,2023-06-25 05:22:00,340
1472,1691.8,2023-06-25 10:05:00,340
677,1261.9,2023-06-11 04:04:00,340
1308,1314.5,2023-06-23 05:00:00,340
1616,1539.3,2023-07-05 17:04:00,340
1251,1259.8,2023-06-22 05:30:00,340
1377,1484.2,2023-06-24 10:24:00,340
822,1656.0,2023-06-15 10:08:00,340
963,1620.1,2023-06-17 13:10:00,340
835,1695.9,2023-06-15 12:18:00,340
1033,1477.4,2023-06-18 17:10:00,340
2015,1568.4,2023-07-11 17:55:00,340
939,1511.8,2023-06-17 08:26:00,340
1054,1334.3,2023-06-19 03:10:00,340
1101,1500.8,2023-06-19 18:05:00,340
691,1727.3,2023-06-11 07:22:00,340
1961,1731.1,2023-07-10 22:19:00,340
1755,1405.7,2023-07-08 00:04:00,340
334,1590.5,2023-05-23 14:38:00,340
873,1416.6,2023-06-16 00:10:00,340
805,1493.7,2023-06-15 06:28:00,340
2105,1633.2,2023-07-13 07:15:00,340
7,1663.0,2023-05-17 17:38:00,340
517,1604.8,2023-06-09 06:02:00,340
197,1565.3,2023-05-21 04:58:00,340
296,1444.0,2023-05-22 22:45:00,340
1416,1611.7,2023-06-24 18:52:00,340
1791,1705.1,2023-07-08 11:26:00,340
219,1847.3,2023-05-21 11:11:00,340
2040,1324.0,2023-07-12 05:49:00,340
1530,1577.3,2023-07-04 07:09:00,340
1534,1627.5,2023-07-04 09:04:00,340
122,1528.2,2023-05-20 01:35:00,340
1712,1562.5,2023-07-07 08:08:00,340
378,1513.3,2023-05-24 16:49:00,340
1062,1363.2,2023-06-19 05:33:00,340
722,1715.7,2023-06-11 19:53:00,340
2163,1539.8,2023-07-14 07:22:00,340
162,1740.8,2023-05-20 13:20:00,340
1186,1352.2,2023-06-21 03:36:00,340
1091,1642.9,2023-06-19 13:05:00,340
124,1256.5,2023-05-20 02:03:00,340
551,1651.2,2023-06-09 16:13:00,340
4,1695.2,2023-05-17 16:06:00,340
1569,1445.0,2023-07-04 17:31:00,340
915,1423.0,2023-06-16 21:10:00,340
2016,1558.8,2023-07-11 18:37:00,340
958,1610.2,2023-06-17 12:05:00,340
792,1595.2,2023-06-13 06:10:00,340
2035,1266.9,2023-07-12 05:21:00,340
611,1743.7,2023-06-10 09:34:00,340
287,1534.1,2023-05-22 19:38:00,340
1451,1564.2,2023-06-25 07:05:00,340
956,1636.4,2023-06-17 11:47:00,340
1632,1340.8,2023-07-06 02:11:00,340
2227,976.4,2023-07-03 18:52:00,340
1669,1691.8,2023-07-06 13:04:00,340
1814,1508.3,2023-07-08 21:04:00,340
1839,1596.1,2023-07-09 06:04:00,340
908,1498.5,2023-06-16 18:10:00,340
506,1419.1,2023-06-08 23:26:00,340
356,1412.9,2023-05-24 03:38:00,340
1423,1514.5,2023-06-24 21:45:00,340
1341,1352.5,2023-06-23 19:51:00,340
352,1417.0,2023-05-24 00:38:00,340
844,1723.6,2023-06-15 13:19:00,340
1154,1514.1,2023-06-20 14:18:00,340
1548,1623.9,2023-07-04 11:49:00,340
1722,1649.2,2023-07-07 11:05:00,340
1947,1345.8,2023-07-10 19:21:00,340
836,1722.9,2023-06-15 12:23:00,340
946,1499.4,2023-06-17 09:50:00,340
667,1540.4,2023-06-11 00:26:00,340
886,1496.7,2023-06-16 07:10:00,340
1284,1452.5,2023-06-22 17:05:00,340
2029,1199.6,2023-07-12 01:37:00,340
333,1592.3,2023-05-23 14:18:00,340
153,1801.6,2023-05-20 10:18:00,340
1420,1563.0,2023-06-24 20:12:00,340
787,1524.6,2023-06-13 04:10:00,340
501,1485.2,2023-06-08 21:39:00,340
1736,1643.9,2023-07-07 14:04:00,340
721,1737.3,2023-06-11 19:06:00,340
373,1565.5,2023-05-24 13:38:00,340
590,1571.6,2023-06-10 05:36:00,340
312,1530.9,2023-05-23 06:27:00,340
1622,1448.4,2023-07-05 19:34:00,340
42,1794.0,2023-05-18 09:38:00,340
2136,1439.8,2023-07-13 20:37:00,340
645,1564.7,2023-06-10 16:25:00,340
2059,1712.8,2023-07-12 10:57:00,340
971,1544.4,2023-06-17 15:59:00,340
2086,1589.0,2023-07-12 21:37:00,340
522,1726.6,2023-06-09 07:40:00,340
1969,1557.9,2023-07-11 00:57:00,340
762,1694.6,2023-06-12 17:10:00,340
657,1563.8,2023-06-10 19:04:00,340
1164,1440.0,2023-06-20 17:06:00,340
1825,1214.7,2023-07-09 01:04:00,340
704,1571.9,2023-06-11 13:16:00,340
2213,18.5480004882813,2023-05-08 08:37:00,340
2111,1673.0,2023-07-13 08:39:00,340
2019,1528.2,2023-07-11 20:37:00,340
1911,1653.3,2023-07-10 06:45:00,340
944,1566.7,2023-06-17 09:13:00,340
168,1477.5,2023-05-20 14:38:00,340
2084,1591.7,2023-07-12 20:03:00,340
1566,1493.3,2023-07-04 16:11:00,340
360,1468.5,2023-05-24 05:42:00,340
1806,1580.4,2023-07-08 16:24:00,340
1018,1580.2,2023-06-18 11:58:00,340
1469,1687.0,2023-06-25 09:44:00,340
907,1512.8,2023-06-16 17:43:00,340
1693,1396.5,2023-07-07 00:04:00,340
743,1624.1,2023-06-12 05:10:00,340
272,1631.4,2023-05-22 10:09:00,340
1493,1720.1,2023-06-25 13:42:00,340
519,1658.3,2023-06-09 06:58:00,340
814,1613.5,2023-06-15 08:39:00,340
818,1603.3,2023-06-15 09:26:00,340
1401,1524.2,2023-06-24 13:35:00,340
734,1539.5,2023-06-12 01:10:00,340
1522,1239.3,2023-07-03 18:04:00,340
1638,1433.7,2023-07-06 04:49:00,340
2162,1560.2,2023-07-14 06:37:00,340
1509,1054.6,2023-07-03 12:20:00,340
2088,1559.6,2023-07-12 22:37:00,340
1897,1488.7,2023-07-10 00:51:00,340
914,1423.9,2023-06-16 20:22:00,340
1700,1447.5,2023-07-07 05:04:00,340
2160,1546.0,2023-07-14 05:49:00,340
1121,1455.0,2023-06-20 05:35:00,340
2047,1611.0,2023-07-12 07:37:00,340
128,1301.3,2023-05-20 04:14:00,340
998,1445.1,2023-06-18 05:49:00,340
689,1740.2,2023-06-11 07:08:00,340
1646,1547.0,2023-07-06 08:01:00,340
544,1760.6,2023-06-09 14:45:00,340
379,1497.7,2023-05-24 17:38:00,340
2017,1541.8,2023-07-11 19:05:00,340
203,1684.6,2023-05-21 06:38:00,340
343,1465.7,2023-05-23 18:38:00,340
2064,1678.2,2023-07-12 11:49:00,340
1678,1574.8,2023-07-06 16:06:00,340
2148,1536.6,2023-07-13 23:37:00,340
518,1630.9,2023-06-09 06:39:00,340
1803,1625.2,2023-07-08 15:33:00,340
2101,1580.7,2023-07-13 06:33:00,340
488,1718.6,2023-06-08 17:36:00,340
1261,1482.3,2023-06-22 09:00:00,340
1001,1455.4,2023-06-18 06:22:00,340
1573,1161.1,2023-07-04 19:04:00,340
1424,1510.1,2023-06-24 22:05:00,340
1594,1447.2,2023-07-05 07:04:00,340
917,1274.2,2023-06-16 22:23:00,340
232,1663.4,2023-05-21 14:46:00,340
794,1634.5,2023-06-13 06:39:00,340
1706,1594.8,2023-07-07 06:20:00,340
1466,1647.8,2023-06-25 09:30:00,340
2157,1508.7,2023-07-14 04:37:00,340
1742,1529.4,2023-07-07 16:46:00,340
1820,1196.5,2023-07-09 00:04:00,340
1122,1452.1,2023-06-20 06:05:00,340
514,1531.6,2023-06-09 04:01:00,340
2222,297.7,2023-06-14 00:10:00,340
511,1481.6,2023-06-09 02:32:00,340
112,1593.0,2023-05-19 19:31:00,340
999,1419.4,2023-06-18 06:03:00,340
217,1864.9,2023-05-21 10:34:00,340
1384,1555.3,2023-06-24 11:15:00,340
1582,1105.9,2023-07-05 01:22:00,340
499,1526.5,2023-06-08 21:04:00,340
2211,2.50199996948242,2023-05-10 08:17:00,340
934,1466.5,2023-06-17 07:11:00,340
225,1870.5,2023-05-21 12:07:00,340
1042,1383.3,2023-06-18 21:10:00,340
1192,1330.4,2023-06-21 05:14:00,340
740,1560.1,2023-06-12 04:12:00,340
1316,1429.0,2023-06-23 06:42:00,340
2145,1529.1,2023-07-13 22:37:00,340
1906,1538.2,2023-07-10 05:49:00,340
397,1461.6,2023-05-25 04:38:00,340
1763,1473.7,2023-07-08 05:04:00,340
1666,1700.6,2023-07-06 12:04:00,340
540,1781.5,2023-06-09 13:39:00,340
328,1590.2,2023-05-23 13:08:00,340
795,1156.7,2023-06-15 02:02:00,340
848,1637.2,2023-06-15 14:15:00,340
1326,1477.6,2023-06-23 11:32:00,340
621,1846.7,2023-06-10 10:39:00,340
1936,1679.9,2023-07-10 15:37:00,340
93,1712.6,2023-05-19 08:38:00,340
213,1806.1,2023-05-21 09:52:00,340
770,1592.0,2023-06-12 19:32:00,340
337,1544.9,2023-05-23 16:01:00,340
1449,1515.6,2023-06-25 06:04:00,340
803,1532.3,2023-06-15 05:32:00,340
212,1842.5,2023-05-21 09:43:00,340
618,1751.7,2023-06-10 10:21:00,340
1139,1536.0,2023-06-20 10:57:00,340
1182,1228.1,2023-06-21 02:05:00,340
1168,1384.9,2023-06-20 19:05:00,340
1136,1493.4,2023-06-20 10:15:00,340
36,1694.4,2023-05-18 06:38:00,340
105,1691.8,2023-05-19 15:57:00,340
362,1491.8,2023-05-24 06:38:00,340
850,1638.9,2023-06-15 14:29:00,340
1740,1583.7,2023-07-07 16:04:00,340
756,1678.0,2023-06-12 15:48:00,340
1757,1401.5,2023-07-08 01:04:00,340
758,1813.2,2023-06-12 16:10:00,340
365,1516.7,2023-05-24 07:34:00,340
856,1595.0,2023-06-15 17:31:00,340
1465,1677.3,2023-06-25 09:06:00,340
2045,1641.2,2023-07-12 07:13:00,340
2229,959.1,2023-07-03 19:04:00,340
565,1519.8,2023-06-09 20:21:00,340
1375,1531.7,2023-06-24 09:51:00,340
1514,1288.3,2023-07-03 14:04:00,340
249,1439.4,2023-05-21 22:38:00,340
476,1730.4,2023-06-04 10:03:00,340
1658,1581.9,2023-07-06 10:30:00,340
1474,1730.0,2023-06-25 10:54:00,340
1430,1439.8,2023-06-25 01:05:00,340
2182,1665.9,2023-07-14 13:26:00,340
1188,1327.8,2023-06-21 04:37:00,340
781,1469.0,2023-06-13 01:13:00,340
454,1530.6,2023-06-01 05:37:00,340
317,1547.6,2023-05-23 08:37:00,340
1200,1458.8,2023-06-21 07:01:00,340
1775,1606.8,2023-07-08 08:52:00,340
1107,1416.1,2023-06-19 21:48:00,340
230,1692.2,2023-05-21 14:18:00,340
1319,1476.6,2023-06-23 09:02:00,340
652,1654.0,2023-06-10 17:35:00,340
70,1576.3,2023-05-18 21:38:00,340
1667,1712.6,2023-07-06 12:27:00,340
2195,1501.3,2023-07-14 18:53:00,340
610,1765.5,2023-06-10 09:29:00,340
1174,1349.5,2023-06-20 23:05:00,340
1088,1648.1,2023-06-19 12:28:00,340
2151,1495.5,2023-07-14 00:55:00,340
2203,1198.8,2023-07-15 00:37:00,340
2124,1635.4,2023-07-13 15:21:00,340
410,1730.0,2023-05-29 11:33:00,340
2142,1531.2,2023-07-13 22:11:00,340
1151,1499.1,2023-06-20 13:08:00,340
338,1522.1,2023-05-23 16:19:00,340
1025,1581.4,2023-06-18 13:31:00,340
43,1813.2,2023-05-18 09:50:00,340
539,1813.0,2023-06-09 13:21:00,340
601,1635.4,2023-06-10 08:10:00,340
1332,1516.0,2023-06-23 14:24:00,340
1609,1627.2,2023-07-05 13:04:00,340
965,1577.3,2023-06-17 13:43:00,340
2115,1711.9,2023-07-13 10:36:00,340
1434,1204.9,2023-06-25 02:16:00,340
171,1793.6,2023-05-20 15:38:00,340
417,1725.6,2023-05-29 14:37:00,340
2054,1664.3,2023-07-12 10:11:00,340
837,1767.1,2023-06-15 12:32:00,340
2165,1594.6,2023-07-14 07:36:00,340
2026,1459.9,2023-07-12 00:37:00,340
1627,1392.8,2023-07-05 22:04:00,340
806,1521.7,2023-06-15 06:47:00,340
882,1458.8,2023-06-16 05:59:00,340
1484,1749.8,2023-06-25 11:54:00,340
2154,1486.6,2023-07-14 02:37:00,340
637,1854.4,2023-06-10 14:09:00,340
423,1812.9,2023-05-31 14:07:00,340
727,1632.0,2023-06-11 21:45:00,340
967,1558.2,2023-06-17 14:35:00,340
1946,1601.1,2023-07-10 19:04:00,340
1339,1394.2,2023-06-23 18:05:00,340
376,1545.7,2023-05-24 15:38:00,340
524,1788.3,2023-06-09 07:59:00,340
1356,1289.7,2023-06-24 04:05:00,340
438,1585.1,2023-05-31 20:21:00,340
2076,1690.3,2023-07-12 16:05:00,340
150,1769.6,2023-05-20 09:38:00,340
2232,1912.3,2023-06-09 09:23:00,340
1580,1117.2,2023-07-05 00:04:00,340
1949,1341.5,2023-07-10 19:59:00,340
1774,1577.7,2023-07-08 08:47:00,340
626,1867.5,2023-06-10 11:31:00,340
981,1391.1,2023-06-17 19:38:00,340
954,1566.9,2023-06-17 11:28:00,340
2121,1683.0,2023-07-13 12:37:00,340
1748,1456.3,2023-07-07 19:15:00,340
1845,1635.6,2023-07-09 07:34:00,340
1433,1176.7,2023-06-25 02:05:00,340
143,1754.6,2023-05-20 07:58:00,340
717,1811.4,2023-06-11 17:28:00,340
526,1839.0,2023-06-09 08:08:00,340
1532,1645.8,2023-07-04 07:37:00,340
583,1272.3,2023-06-10 04:17:00,340
975,1482.5,2023-06-17 17:10:00,340
566,1491.0,2023-06-09 20:30:00,340
1966,1551.1,2023-07-10 23:33:00,340
1232,1565.2,2023-06-21 21:05:00,340
1880,1595.6,2023-07-09 18:00:00,340
440,1559.8,2023-05-31 21:17:00,340
1155,1540.4,2023-06-20 14:27:00,340
1404,1526.9,2023-06-24 14:17:00,340
174,1720.5,2023-05-20 16:38:00,340
1557,1671.2,2023-07-04 14:00:00,340
1727,1643.3,2023-07-07 11:28:00,340
1294,1352.3,2023-06-22 23:42:00,340
1431,1253.6,2023-06-25 01:06:00,340
2053,1690.6,2023-07-12 09:52:00,340
123,1470.5,2023-05-20 01:59:00,340
138,1738.5,2023-05-20 06:29:00,340
879,1455.1,2023-06-16 04:11:00,340
1075,1536.6,2023-06-19 09:07:00,340
732,1538.0,2023-06-11 23:32:00,340
624,1866.5,2023-06-10 11:12:00,340
2184,1668.4,2023-07-14 13:54:00,340
1299,1351.9,2023-06-23 02:44:00,340
784,1502.9,2023-06-13 03:37:00,340
2217,11.3690002441406,2023-05-02 09:57:00,340
1366,1441.9,2023-06-24 07:45:00,340
1280,1498.4,2023-06-22 14:59:00,340
182,1629.1,2023-05-20 20:38:00,340
617,1804.3,2023-06-10 10:11:00,340
1324,1490.9,2023-06-23 11:05:00,340
1982,1605.4,2023-07-11 06:33:00,340
690,1704.6,2023-06-11 07:12:00,340
2090,1546.9,2023-07-13 00:29:00,340
240,1535.7,2023-05-21 17:38:00,340
1254,1190.0,2023-06-22 07:05:00,340
1689,1427.2,2023-07-06 21:04:00,340
1350,1294.2,2023-06-23 23:16:00,340
2116,1742.1,2023-07-13 10:41:00,340
458,1588.8,2023-06-01 07:37:00,340
681,1591.5,2023-06-11 05:34:00,340
1830,1418.5,2023-07-09 04:51:00,340
1686,1445.4,2023-07-06 19:04:00,340
1692,1402.2,2023-07-06 23:20:00,340
465,1713.1,2023-06-01 10:11:00,340
1187,1350.7,2023-06-21 04:05:00,340
1191,1379.9,2023-06-21 05:05:00,340
145,1777.9,2023-05-20 08:38:00,340
324,1589.6,2023-05-23 10:48:00,340
1762,1462.3,2023-07-08 04:35:00,340
706,1882.9,2023-06-11 13:40:00,340
714,1892.4,2023-06-11 16:56:00,340
1834,1537.8,2023-07-09 05:19:00,340
1111,1389.3,2023-06-20 00:05:00,340
901,1596.2,2023-06-16 14:10:00,340
687,1671.3,2023-06-11 06:26:00,340
1630,1350.8,2023-07-06 01:04:00,340
1939,1630.6,2023-07-10 16:24:00,340
1824,1210.0,2023-07-09 00:44:00,340
100,1743.3,2023-05-19 13:38:00,340
290,1509.7,2023-05-22 21:11:00,340
878,1441.5,2023-06-16 04:10:00,340
1455,1588.2,2023-06-25 07:47:00,340
391,1411.5,2023-05-25 00:38:00,340
86,1397.0,2023-05-19 06:46:00,340
1275,1468.6,2023-06-22 12:44:00,340
1523,1218.7,2023-07-03 18:43:00,340
475,1734.4,2023-06-04 09:40:00,340
1694,1392.9,2023-07-07 01:04:00,340
1295,1356.6,2023-06-23 00:05:00,340
1137,1531.5,2023-06-20 10:34:00,340
2072,1740.2,2023-07-12 13:45:00,340
1235,1548.3,2023-06-21 23:31:00,340
832,1636.0,2023-06-15 11:22:00,340
591,1593.4,2023-06-10 05:45:00,340
2219,16.4469995117188,2023-05-13 16:37:00,340
1620,1471.0,2023-07-05 18:38:00,340
1635,1384.8,2023-07-06 03:53:00,340
109,1635.6,2023-05-19 17:38:00,340
1160,1492.4,2023-06-20 16:05:00,340
222,1898.4,2023-05-21 11:39:00,340
1052,1354.1,2023-06-19 02:07:00,340
1311,1370.6,2023-06-23 05:18:00,340
2220,13.4819995117188,2023-05-07 18:32:00,340
253,1415.0,2023-05-22 01:38:00,340
1072,1490.1,2023-06-19 08:39:00,340
1619,1494.4,2023-07-05 18:04:00,340
1492,1681.9,2023-06-25 13:37:00,340
545,1780.0,2023-06-09 15:04:00,340
949,1578.0,2023-06-17 10:13:00,340
1571,1302.9,2023-07-04 18:41:00,340
843,1691.5,2023-06-15 13:10:00,340
63,1633.6,2023-05-18 17:38:00,340
413,1754.7,2023-05-29 13:02:00,340
884,1481.2,2023-06-16 06:17:00,340
451,1490.8,2023-06-01 04:21:00,340
1258,1184.3,2023-06-22 08:05:00,340
656,1585.2,2023-06-10 18:36:00,340
1879,1635.4,2023-07-09 17:04:00,340
1581,1138.2,2023-07-05 01:04:00,340
1486,1651.2,2023-06-25 12:22:00,340
1485,1690.6,2023-06-25 12:04:00,340
1327,1513.5,2023-06-23 11:36:00,340
77,1287.1,2023-05-19 01:33:00,340
2069,1745.8,2023-07-12 13:17:00,340
869,1419.7,2023-06-15 22:49:00,340
450,1462.1,2023-06-01 03:37:00,340
1019,1543.3,2023-06-18 12:07:00,340
1560,1586.6,2023-07-04 14:33:00,340
1979,1613.7,2023-07-11 05:42:00,340
696,1758.3,2023-06-11 08:36:00,340
1741,1560.5,2023-07-07 16:32:00,340
811,1565.7,2023-06-15 07:52:00,340
910,1469.8,2023-06-16 18:44:00,340
1521,1242.1,2023-07-03 17:37:00,340
1049,1411.0,2023-06-19 00:10:00,340
505,1427.8,2023-06-08 23:04:00,340
405,1630.6,2023-05-28 08:34:00,340
183,1614.8,2023-05-20 21:07:00,340
1876,1690.1,2023-07-09 16:04:00,340
1717,1606.2,2023-07-07 09:36:00,340
609,1742.1,2023-06-10 09:20:00,340
2033,1220.8,2023-07-12 04:57:00,340
1968,1523.8,2023-07-11 00:29:00,340
20,1339.1,2023-05-17 22:38:00,340
1425,1492.2,2023-06-24 22:50:00,340
1590,1463.3,2023-07-05 05:04:00,340
327,1602.9,2023-05-23 12:38:00,340
1874,1718.8,2023-07-09 15:04:00,340
2216,17.0919995117188,2023-05-13 09:32:00,340
266,1563.6,2023-05-22 08:03:00,340
1890,1544.5,2023-07-09 21:11:00,340
1756,1391.1,2023-07-08 00:51:00,340
865,1468.9,2023-06-15 20:52:00,340
2193,1523.0,2023-07-14 17:47:00,340
2144,1532.2,2023-07-13 22:25:00,340
489,1716.9,2023-06-08 18:04:00,340
606,1732.9,2023-06-10 09:01:00,340
1738,1632.4,2023-07-07 15:04:00,340
152,1826.7,2023-05-20 10:09:00,340
889,1556.7,2023-06-16 08:10:00,340
2188,1594.0,2023-07-14 16:19:00,340
269,1570.9,2023-05-22 09:17:00,340
96,1739.2,2023-05-19 10:38:00,340
964,1614.6,2023-06-17 13:20:00,340
1799,1674.8,2023-07-08 14:04:00,340
871,1421.6,2023-06-15 23:03:00,340
1572,1180.0,2023-07-04 18:45:00,340
532,1621.4,2023-06-09 10:37:00,340
1067,1487.1,2023-06-19 07:39:00,340
1099,1546.6,2023-06-19 17:17:00,340
2125,1629.6,2023-07-13 15:37:00,340
715,1860.7,2023-06-11 17:10:00,340
2196,1509.7,2023-07-14 19:37:00,340
1538,1672.6,2023-07-04 09:57:00,340
2200,1508.5,2023-07-14 22:32:00,340
469,1642.0,2023-06-04 08:03:00,340
564,1440.6,2023-06-09 20:04:00,340
1798,1693.4,2023-07-08 13:32:00,340
461,1643.7,2023-06-01 08:47:00,340
1277,1511.8,2023-06-22 13:05:00,340
1795,1676.1,2023-07-08 12:31:00,340
1869,1716.1,2023-07-09 12:42:00,340
1393,1465.6,2023-06-24 12:39:00,340
1345,1317.3,2023-06-23 22:05:00,340
695,1779.9,2023-06-11 08:32:00,340
1175,1335.2,2023-06-21 00:05:00,340
1752,1425.5,2023-07-07 22:04:00,340
928,1165.7,2023-06-17 05:10:00,340
1214,1569.8,2023-06-21 12:19:00,340
1372,1492.7,2023-06-24 09:14:00,340
243,1488.9,2023-05-21 19:07:00,340
1679,1547.8,2023-07-06 16:29:00,340
1312,1345.8,2023-06-23 05:37:00,340
648,1727.9,2023-06-10 16:48:00,340
313,1519.3,2023-05-23 06:38:00,340
155,1826.8,2023-05-20 11:05:00,340
1303,1369.5,2023-06-23 04:05:00,340
1150,1497.4,2023-06-20 13:05:00,340
1801,1649.7,2023-07-08 14:56:00,340
1046,1427.3,2023-06-18 22:37:00,340
1640,1470.7,2023-07-06 05:22:00,340
1306,1361.2,2023-06-23 04:46:00,340
1927,1769.9,2023-07-10 12:31:00,340
1495,1710.1,2023-06-25 14:05:00,340
25,1303.8,2023-05-18 02:38:00,340
15,1631.2,2023-05-17 20:38:00,340
1321,1497.7,2023-06-23 10:45:00,340
883,1471.0,2023-06-16 06:10:00,340
1360,1341.4,2023-06-24 05:58:00,340
1844,1605.4,2023-07-09 07:11:00,340
1612,1589.7,2023-07-05 15:27:00,340
497,1555.7,2023-06-08 20:04:00,340
515,1560.1,2023-06-09 04:19:00,340
2210,9.88200012207031,2023-05-04 16:12:00,340
1478,1717.5,2023-06-25 11:22:00,340
1411,1596.1,2023-06-24 16:37:00,340
1095,1609.4,2023-06-19 15:05:00,340
542,1740.7,2023-06-09 14:04:00,340
633,1850.5,2023-06-10 12:59:00,340
431,1683.5,2023-05-31 17:37:00,340
728,1617.5,2023-06-11 22:10:00,340
1288,1416.0,2023-06-22 19:05:00,340
316,1538.7,2023-05-23 07:38:00,340
1920,1784.2,2023-07-10 10:53:00,340
1337,1419.7,2023-06-23 17:08:00,340
319,1571.4,2023-05-23 09:38:00,340
1031,1500.0,2023-06-18 16:43:00,340
2025,1462.7,2023-07-12 00:08:00,340
2189,1584.1,2023-07-14 16:37:00,340
1110,1388.2,2023-06-19 23:05:00,340
1888,1509.4,2023-07-09 20:57:00,340
1527,1751.7,2023-07-04 06:51:00,340
753,1828.2,2023-06-12 07:47:00,340
562,1499.6,2023-06-09 19:06:00,340
668,1514.9,2023-06-11 00:40:00,340
252,1425.1,2023-05-22 00:38:00,340
357,1437.4,2023-05-24 04:38:00,340
1278,1523.0,2023-06-22 13:26:00,340
1300,1342.4,2023-06-23 03:05:00,340
1202,1427.4,2023-06-21 08:05:00,340
129,1364.1,2023-05-20 04:28:00,340
144,1777.4,2023-05-20 08:31:00,340
960,1613.5,2023-06-17 12:33:00,340
905,1555.2,2023-06-16 16:15:00,340
1096,1582.1,2023-06-19 16:05:00,340
235,1612.9,2023-05-21 15:51:00,340
1061,1394.6,2023-06-19 05:28:00,340
